treatnr,blind,dsr,round,seller_quality_choice,buyer_cf_notpos,auction_price,matching_group_id
3,0,1,1,53,1,141,57
2,1,0,1,70,1,171,32
3,0,1,1,95,0,171,24
3,0,1,1,85,0,181,22
2,1,0,1,100,1,211,65
1,0,0,1,70,1,175,12
3,0,1,1,60,1,202,24
2,1,0,1,30,1,184,66
1,0,0,1,65,1,141,11
1,0,0,1,10,0,188,11
1,0,0,1,90,1,201,45
3,0,1,1,100,,121,22
2,1,0,1,99,0,274,34
1,0,0,1,67,,150,48
2,1,0,1,95,0,171,32
3,0,1,1,50,1,151,55
1,0,0,1,80,0,181,46
3,0,1,1,88,,190,56
1,0,0,1,85,,201,47
1,0,0,1,100,0,101,45
3,0,1,1,75,0,181,58
3,0,1,1,100,,151,58
1,0,0,1,70,0,152,13
3,0,1,1,99,,221,21
3,0,1,1,80,0,152,21
2,1,0,1,95,0,151,67
2,1,0,1,90,,201,33
2,1,0,1,51,1,101,33
1,0,0,1,85,,151,12
2,1,0,1,65,,111,65
2,1,0,1,90,1,138,68
2,1,0,1,90,0,223,31
3,0,1,1,85,0,181,56
1,0,0,1,100,0,181,14
2,1,0,1,85,1,251,34
1,0,0,1,70,1,171,46
3,0,1,1,95,0,121,55
2,1,0,1,100,,101,66
1,0,0,1,0,1,152,14
3,0,1,1,70,1,114,57
1,0,0,1,90,0,123,48
3,0,1,1,100,0,193,23
2,1,0,1,100,0,181,31
1,0,0,1,40,1,191,47
2,1,0,1,80,0,123,68
2,1,0,1,100,0,171,67
1,0,0,1,75,1,111,13
3,0,1,1,95,0,211,23
3,0,1,2,75,1,151,22
1,0,0,2,96,0,251,11
3,0,1,2,92,,191,58
1,0,0,2,50,1,121,46
1,0,0,2,100,0,211,45
2,1,0,2,70,1,191,65
2,1,0,2,87,1,201,68
2,1,0,2,50,1,181,31
3,0,1,2,100,1,101,23
3,0,1,2,90,1,136,24
2,1,0,2,90,0,131,66
3,0,1,2,70,1,111,57
3,0,1,2,70,1,171,55
2,1,0,2,90,1,192,65
1,0,0,2,90,,254,48
1,0,0,2,88,0,188,45
1,0,0,2,75,1,139,14
3,0,1,2,80,1,202,23
3,0,1,2,100,0,211,24
3,0,1,2,80,1,191,55
2,1,0,2,90,0,136,32
2,1,0,2,85,1,153,32
2,1,0,2,20,,126,68
1,0,0,2,70,1,107,13
3,0,1,2,1,1,201,58
1,0,0,2,80,1,201,46
1,0,0,2,95,0,201,14
2,1,0,2,100,1,103,66
1,0,0,2,80,,100,47
1,0,0,2,80,,181,48
3,0,1,2,90,1,201,56
2,1,0,2,50,1,211,34
1,0,0,2,85,0,166,12
3,0,1,2,10,1,151,57
3,0,1,2,100,,241,21
1,0,0,2,16,1,131,12
2,1,0,2,75,1,100,33
1,0,0,2,95,0,201,47
3,0,1,2,100,0,157,22
3,0,1,2,51,1,155,21
2,1,0,2,90,0,101,67
2,1,0,2,100,0,251,34
2,1,0,2,100,0,191,67
2,1,0,2,90,,141,33
2,1,0,2,98,0,201,31
3,0,1,2,1,1,123,56
1,0,0,2,99,0,192,11
1,0,0,2,100,0,131,13
1,0,0,3,80,0,151,47
2,1,0,3,83,1,182,66
1,0,0,3,80,1,126,13
3,0,1,3,76,0,141,57
2,1,0,3,90,0,151,32
1,0,0,3,100,0,161,48
1,0,0,3,75,1,200,46
2,1,0,3,85,,203,68
1,0,0,3,95,0,121,12
3,0,1,3,95,0,181,24
1,0,0,3,70,1,176,45
2,1,0,3,80,1,251,65
2,1,0,3,50,1,151,66
2,1,0,3,0,1,101,33
2,1,0,3,75,1,114,65
2,1,0,3,90,1,258,34
3,0,1,3,50,1,158,21
2,1,0,3,100,0,106,32
3,0,1,3,100,0,172,55
2,1,0,3,95,0,171,67
3,0,1,3,90,0,174,21
3,0,1,3,75,,176,58
1,0,0,3,76,,131,12
1,0,0,3,90,0,130,14
1,0,0,3,71,1,176,14
3,0,1,3,1,1,201,56
2,1,0,3,100,,121,33
3,0,1,3,100,0,201,24
1,0,0,3,97,,201,11
2,1,0,3,98,,201,31
3,0,1,3,100,0,142,23
2,1,0,3,100,,141,67
3,0,1,3,80,1,156,23
1,0,0,3,75,1,191,11
3,0,1,3,81,0,151,58
3,0,1,3,90,,171,57
1,0,0,3,90,0,251,46
1,0,0,3,1,,101,13
3,0,1,3,80,1,191,22
1,0,0,3,80,0,144,48
3,0,1,3,41,1,141,22
2,1,0,3,65,,174,31
1,0,0,3,100,0,251,45
1,0,0,3,95,,204,47
3,0,1,3,90,,201,55
2,1,0,3,70,1,300,34
2,1,0,3,90,0,160,68
3,0,1,3,90,,231,56
2,1,0,4,0,1,190,66
2,1,0,4,100,0,102,33
3,0,1,4,90,0,183,58
2,1,0,4,99,0,221,34
1,0,0,4,82,0,122,45
2,1,0,4,55,1,131,68
3,0,1,4,0,1,151,58
3,0,1,4,98,0,201,24
2,1,0,4,80,0,166,32
2,1,0,4,95,0,156,67
3,0,1,4,100,0,186,23
2,1,0,4,80,0,152,33
3,0,1,4,70,1,171,24
2,1,0,4,90,1,171,32
1,0,0,4,70,,152,47
3,0,1,4,90,0,137,21
2,1,0,4,90,0,213,68
3,0,1,4,70,1,191,22
1,0,0,4,80,0,171,48
1,0,0,4,85,0,102,14
1,0,0,4,0,1,212,47
2,1,0,4,100,0,171,31
1,0,0,4,95,0,202,46
3,0,1,4,100,0,182,55
1,0,0,4,80,1,190,48
1,0,0,4,10,1,138,12
3,0,1,4,100,,126,57
3,0,1,4,30,1,135,55
1,0,0,4,80,0,101,13
1,0,0,4,90,,274,12
2,1,0,4,50,1,132,67
1,0,0,4,100,0,196,46
3,0,1,4,95,0,201,56
1,0,0,4,0,1,180,11
2,1,0,4,89,,171,65
2,1,0,4,80,1,201,34
1,0,0,4,87,,139,11
2,1,0,4,80,1,171,66
1,0,0,4,50,1,177,14
1,0,0,4,90,0,131,45
3,0,1,4,100,0,142,23
2,1,0,4,70,,190,31
3,0,1,4,50,1,106,57
3,0,1,4,100,0,196,22
2,1,0,4,90,0,151,65
1,0,0,4,10,1,102,13
3,0,1,4,90,,191,56
3,0,1,4,85,,151,21
2,1,0,5,90,,103,33
3,0,1,5,80,1,151,55
1,0,0,5,70,,108,14
3,0,1,5,70,,174,56
1,0,0,5,60,1,152,11
3,0,1,5,95,0,151,57
1,0,0,5,75,0,112,47
2,1,0,5,100,0,169,67
2,1,0,5,91,1,191,66
1,0,0,5,90,0,161,45
3,0,1,5,60,1,123,57
2,1,0,5,100,0,200,67
2,1,0,5,70,1,132,68
2,1,0,5,85,,191,31
2,1,0,5,65,,171,31
1,0,0,5,90,0,122,46
1,0,0,5,50,1,100,47
1,0,0,5,87,0,218,11
2,1,0,5,92,,165,32
1,0,0,5,100,0,151,48
2,1,0,5,95,1,171,32
1,0,0,5,100,1,299,14
3,0,1,5,100,,141,22
3,0,1,5,45,1,135,24
3,0,1,5,95,0,241,24
2,1,0,5,89,1,181,68
3,0,1,5,50,1,201,21
2,1,0,5,96,0,258,34
3,0,1,5,42,1,142,21
2,1,0,5,50,1,102,66
3,0,1,5,94,0,151,56
2,1,0,5,87,0,137,65
1,0,0,5,40,1,156,12
1,0,0,5,70,1,201,45
1,0,0,5,15,,115,13
1,0,0,5,80,,151,13
1,0,0,5,90,1,201,46
1,0,0,5,90,0,151,48
2,1,0,5,91,1,210,34
3,0,1,5,100,0,181,23
3,0,1,5,100,,202,58
3,0,1,5,95,0,100,55
3,0,1,5,98,0,191,22
2,1,0,5,57,1,141,65
3,0,1,5,100,0,220,23
2,1,0,5,0,1,121,33
3,0,1,5,80,,141,58
1,0,0,5,5,1,123,12
3,0,1,6,100,0,186,55
1,0,0,6,90,,103,45
1,0,0,6,95,1,225,14
2,1,0,6,0,1,105,33
2,1,0,6,85,,152,31
1,0,0,6,95,,201,11
2,1,0,6,90,1,161,67
2,1,0,6,85,,148,68
1,0,0,6,80,,122,13
3,0,1,6,0,1,131,57
1,0,0,6,90,0,181,46
2,1,0,6,90,1,181,34
1,0,0,6,93,1,205,12
3,0,1,6,90,,146,58
1,0,0,6,75,0,181,47
2,1,0,6,90,1,161,32
1,0,0,6,75,,101,47
3,0,1,6,60,1,201,22
1,0,0,6,0,1,148,11
3,0,1,6,100,,110,55
2,1,0,6,86,,221,34
3,0,1,6,55,1,161,23
2,1,0,6,98,0,210,67
3,0,1,6,100,0,162,57
1,0,0,6,70,1,131,13
3,0,1,6,80,1,206,23
3,0,1,6,95,0,152,58
1,0,0,6,40,1,146,48
3,0,1,6,80,,151,21
3,0,1,6,95,0,140,24
1,0,0,6,100,0,224,45
1,0,0,6,80,1,116,14
1,0,0,6,100,0,211,46
3,0,1,6,80,1,221,24
2,1,0,6,20,,104,66
2,1,0,6,75,,133,68
2,1,0,6,75,,113,31
1,0,0,6,3,1,156,12
2,1,0,6,95,0,180,33
3,0,1,6,95,0,216,56
3,0,1,6,82,0,171,22
2,1,0,6,90,0,106,65
2,1,0,6,75,0,143,65
1,0,0,6,75,,141,48
3,0,1,6,95,,102,21
2,1,0,6,85,0,161,66
2,1,0,6,95,1,195,32
3,0,1,6,94,0,207,56
3,0,1,7,85,0,208,58
2,1,0,7,100,1,131,32
2,1,0,7,0,1,151,66
2,1,0,7,45,,106,66
2,1,0,7,90,0,101,33
1,0,0,7,70,0,114,47
3,0,1,7,85,,173,22
3,0,1,7,85,,231,58
1,0,0,7,100,0,208,48
3,0,1,7,70,0,100,57
2,1,0,7,90,1,142,34
1,0,0,7,30,1,102,48
1,0,0,7,50,1,121,12
1,0,0,7,75,,151,47
3,0,1,7,90,1,124,24
2,1,0,7,100,0,165,65
1,0,0,7,10,1,223,45
3,0,1,7,86,0,166,21
1,0,0,7,75,0,135,14
1,0,0,7,30,1,137,46
3,0,1,7,77,,191,56
1,0,0,7,0,1,121,11
3,0,1,7,100,,231,55
1,0,0,7,80,1,124,13
2,1,0,7,90,0,246,68
2,1,0,7,90,0,176,65
1,0,0,7,1,1,201,45
3,0,1,7,95,0,151,22
3,0,1,7,100,0,206,56
3,0,1,7,85,0,152,23
1,0,0,7,100,0,251,14
2,1,0,7,33,1,102,68
2,1,0,7,100,,200,31
1,0,0,7,0,1,137,13
1,0,0,7,97,0,173,46
3,0,1,7,90,1,161,55
3,0,1,7,100,0,168,24
1,0,0,7,50,1,108,12
2,1,0,7,75,1,134,31
2,1,0,7,54,,156,34
3,0,1,7,100,0,166,23
2,1,0,7,100,0,111,67
3,0,1,7,0,1,101,57
2,1,0,7,90,,126,67
2,1,0,7,100,0,213,32
3,0,1,7,20,1,135,21
2,1,0,7,0,1,151,33
1,0,0,7,91,1,351,11
2,1,0,8,100,0,181,32
1,0,0,8,85,0,111,13
3,0,1,8,61,1,121,57
3,0,1,8,100,0,251,58
3,0,1,8,90,0,101,23
2,1,0,8,68,1,151,66
2,1,0,8,0,1,202,34
2,1,0,8,80,,112,32
3,0,1,8,100,0,121,24
1,0,0,8,63,0,113,12
3,0,1,8,95,0,151,57
2,1,0,8,100,,186,34
3,0,1,8,65,1,202,56
1,0,0,8,0,1,188,47
1,0,0,8,90,,267,45
1,0,0,8,95,0,245,46
3,0,1,8,100,0,171,58
3,0,1,8,98,0,262,22
3,0,1,8,90,,201,55
2,1,0,8,0,,161,33
1,0,0,8,10,1,151,45
2,1,0,8,80,,102,33
3,0,1,8,90,,181,24
1,0,0,8,90,,223,46
1,0,0,8,90,0,221,11
1,0,0,8,80,,151,47
3,0,1,8,80,0,161,21
1,0,0,8,74,1,141,14
1,0,0,8,88,1,238,14
3,0,1,8,0,,,23
2,1,0,8,50,1,201,31
2,1,0,8,90,0,188,65
1,0,0,8,86,0,151,48
3,0,1,8,83,,233,56
2,1,0,8,100,0,201,68
2,1,0,8,100,0,131,67
3,0,1,8,80,,152,21
3,0,1,8,85,1,251,55
2,1,0,8,0,1,171,66
3,0,1,8,95,0,201,22
1,0,0,8,95,0,203,48
2,1,0,8,95,0,171,67
1,0,0,8,0,1,201,11
2,1,0,8,80,1,201,65
1,0,0,8,80,0,102,13
2,1,0,8,85,,166,31
1,0,0,8,85,0,116,12
2,1,0,8,90,,167,68
3,0,1,9,75,0,106,56
3,0,1,9,0,1,116,57
1,0,0,9,80,,151,13
2,1,0,9,80,1,151,68
3,0,1,9,93,1,231,24
1,0,0,9,0,1,100,12
1,0,0,9,0,1,140,11
2,1,0,9,0,1,100,33
2,1,0,9,100,0,176,32
1,0,0,9,90,0,174,11
3,0,1,9,77,,122,57
2,1,0,9,57,1,168,66
2,1,0,9,85,0,158,31
2,1,0,9,80,0,201,68
3,0,1,9,85,1,301,22
2,1,0,9,100,0,209,32
1,0,0,9,70,1,157,45
1,0,0,9,88,,101,47
2,1,0,9,99,,180,65
3,0,1,9,90,1,266,22
2,1,0,9,80,,177,34
1,0,0,9,56,,156,12
3,0,1,9,100,0,120,23
2,1,0,9,90,0,241,65
3,0,1,9,95,0,121,23
1,0,0,9,91,0,201,14
3,0,1,9,100,0,251,55
2,1,0,9,100,0,131,66
3,0,1,9,75,,121,21
2,1,0,9,90,,112,33
1,0,0,9,90,0,150,46
3,0,1,9,100,,251,58
1,0,0,9,80,0,152,47
1,0,0,9,60,1,159,48
1,0,0,9,50,1,101,13
1,0,0,9,85,0,161,48
3,0,1,9,80,1,127,56
2,1,0,9,95,0,258,34
3,0,1,9,95,0,167,21
1,0,0,9,90,,246,45
2,1,0,9,100,0,161,67
3,0,1,9,85,0,226,58
1,0,0,9,90,1,251,14
3,0,1,9,95,1,253,55
2,1,0,9,95,0,158,67
3,0,1,9,100,0,211,24
2,1,0,9,76,0,112,31
1,0,0,9,95,0,231,46
3,0,1,10,90,0,136,55
3,0,1,10,0,1,241,22
3,0,1,10,100,0,171,57
3,0,1,10,95,1,242,55
2,1,0,10,50,1,104,65
3,0,1,10,98,1,150,22
2,1,0,10,80,1,116,34
1,0,0,10,90,0,127,46
1,0,0,10,100,1,439,11
3,0,1,10,75,1,173,21
1,0,0,10,40,,105,14
3,0,1,10,100,0,300,58
1,0,0,10,100,0,201,46
3,0,1,10,80,1,122,24
2,1,0,10,95,0,215,67
3,0,1,10,50,,100,57
2,1,0,10,100,0,197,32
3,0,1,10,100,0,221,23
2,1,0,10,1,,121,66
2,1,0,10,70,1,106,68
3,0,1,10,100,0,136,23
2,1,0,10,100,0,121,66
2,1,0,10,0,1,231,65
1,0,0,10,50,1,119,45
1,0,0,10,20,1,121,13
1,0,0,10,82,0,122,47
2,1,0,10,97,0,187,34
1,0,0,10,100,0,121,48
2,1,0,10,85,0,141,33
2,1,0,10,80,,116,33
3,0,1,10,100,0,206,21
1,0,0,10,95,0,103,48
3,0,1,10,80,1,135,58
1,0,0,10,0,1,100,12
2,1,0,10,100,0,221,31
1,0,0,10,90,0,201,11
2,1,0,10,100,0,112,32
2,1,0,10,98,,213,31
1,0,0,10,75,0,151,47
1,0,0,10,100,0,201,14
2,1,0,10,98,,226,67
1,0,0,10,95,0,132,12
1,0,0,10,10,1,100,13
1,0,0,10,90,0,201,45
2,1,0,10,90,0,151,68
3,0,1,10,92,,201,56
3,0,1,10,80,1,123,56
3,0,1,10,100,,280,24
2,1,0,11,100,0,121,67
3,0,1,11,0,1,201,22
2,1,0,11,0,,,33
2,1,0,11,98,,280,34
3,0,1,11,80,0,139,22
1,0,0,11,90,0,121,13
1,0,0,11,100,,201,14
1,0,0,11,95,0,212,14
3,0,1,11,90,,216,21
2,1,0,11,95,0,127,32
3,0,1,11,90,0,201,23
2,1,0,11,90,,176,68
1,0,0,11,95,0,202,11
1,0,0,11,95,,201,46
3,0,1,11,99,,224,24
2,1,0,11,0,,151,33
3,0,1,11,100,0,211,55
3,0,1,11,1,1,100,56
2,1,0,11,90,0,151,65
3,0,1,11,0,,,57
2,1,0,11,10,,204,66
1,0,0,11,95,0,168,46
1,0,0,11,100,0,250,11
1,0,0,11,80,0,116,48
1,0,0,11,100,0,167,48
2,1,0,11,100,0,204,32
2,1,0,11,60,,152,66
3,0,1,11,100,,251,58
1,0,0,11,85,0,121,13
3,0,1,11,100,0,201,23
1,0,0,11,85,0,181,45
3,0,1,11,100,,231,24
3,0,1,11,90,0,122,58
3,0,1,11,80,1,204,56
2,1,0,11,90,0,143,68
1,0,0,11,50,,102,47
3,0,1,11,30,1,133,55
2,1,0,11,100,0,231,31
2,1,0,11,100,,251,67
1,0,0,11,80,,221,47
3,0,1,11,73,1,173,21
2,1,0,11,70,1,200,31
2,1,0,11,95,0,142,65
1,0,0,11,95,0,201,45
3,0,1,11,20,1,121,57
2,1,0,11,0,1,215,34
1,0,0,11,100,0,216,12
1,0,0,11,80,0,100,12
1,0,0,12,0,1,180,11
2,1,0,12,87,,108,65
3,0,1,12,10,1,101,24
3,0,1,12,95,0,138,55
2,1,0,12,85,,251,68
1,0,0,12,0,,,12
2,1,0,12,0,1,131,66
3,0,1,12,25,1,111,57
3,0,1,12,97,0,182,55
1,0,0,12,95,0,202,48
2,1,0,12,100,0,251,68
3,0,1,12,100,0,164,57
2,1,0,12,95,,179,65
2,1,0,12,95,1,256,67
1,0,0,12,84,0,204,47
3,0,1,12,80,1,180,21
2,1,0,12,90,0,100,33
2,1,0,12,70,1,221,31
1,0,0,12,75,1,202,46
3,0,1,12,99,,131,22
2,1,0,12,90,0,100,33
2,1,0,12,89,,188,31
1,0,0,12,90,,206,48
1,0,0,12,75,0,171,11
3,0,1,12,100,0,173,58
1,0,0,12,95,0,141,14
3,0,1,12,90,,212,22
3,0,1,12,2,1,126,21
2,1,0,12,60,1,152,66
2,1,0,12,100,,131,34
2,1,0,12,95,0,121,67
1,0,0,12,10,,151,45
2,1,0,12,80,1,203,34
1,0,0,12,0,1,100,12
1,0,0,12,80,0,100,13
3,0,1,12,95,0,244,56
2,1,0,12,0,1,248,32
3,0,1,12,100,0,118,23
3,0,1,12,100,0,251,23
3,0,1,12,0,1,161,58
1,0,0,12,100,0,161,13
2,1,0,12,99,0,131,32
1,0,0,12,97,0,216,46
3,0,1,12,88,,231,56
3,0,1,12,100,,191,24
1,0,0,12,81,1,190,14
1,0,0,12,0,1,191,45
1,0,0,12,10,1,100,47
1,0,0,13,86,,186,11
2,1,0,13,80,0,155,31
2,1,0,13,1,1,179,65
2,1,0,13,0,1,100,34
2,1,0,13,100,0,202,31
1,0,0,13,1,1,121,47
2,1,0,13,90,0,147,65
1,0,0,13,100,1,154,14
3,0,1,13,100,0,101,58
1,0,0,13,55,1,105,46
3,0,1,13,100,0,191,57
1,0,0,13,75,,231,47
1,0,0,13,90,0,103,13
2,1,0,13,0,1,103,33
2,1,0,13,100,,251,67
3,0,1,13,75,0,104,22
2,1,0,13,1,1,155,66
3,0,1,13,92,0,188,21
3,0,1,13,100,,205,21
3,0,1,13,75,,121,24
3,0,1,13,99,0,261,56
1,0,0,13,87,,135,48
2,1,0,13,0,1,151,32
2,1,0,13,100,0,154,33
3,0,1,13,100,0,173,57
1,0,0,13,0,1,151,11
3,0,1,13,75,1,136,22
1,0,0,13,80,1,100,14
1,0,0,13,0,1,143,12
3,0,1,13,100,,156,58
2,1,0,13,54,1,208,34
2,1,0,13,95,0,190,67
1,0,0,13,96,0,227,46
1,0,0,13,100,0,151,13
3,0,1,13,90,0,141,23
2,1,0,13,90,,113,32
3,0,1,13,90,1,141,23
3,0,1,13,100,0,264,55
2,1,0,13,100,0,251,68
1,0,0,13,92,0,152,48
2,1,0,13,2,1,101,66
2,1,0,13,90,,151,68
1,0,0,13,10,1,218,45
1,0,0,13,99,0,101,12
3,0,1,13,88,,101,56
3,0,1,13,10,1,182,55
3,0,1,13,100,,161,24
1,0,0,13,50,1,192,45
1,0,0,14,0,1,100,46
1,0,0,14,0,1,166,46
2,1,0,14,76,1,121,31
3,0,1,14,55,1,102,24
3,0,1,14,79,1,121,21
2,1,0,14,90,0,204,65
2,1,0,14,90,1,161,32
2,1,0,14,0,1,201,33
1,0,0,14,50,1,121,14
3,0,1,14,85,,219,22
2,1,0,14,0,1,100,33
2,1,0,14,60,1,106,67
1,0,0,14,95,0,144,11
2,1,0,14,60,,131,66
2,1,0,14,73,1,211,68
2,1,0,14,91,0,121,31
3,0,1,14,92,1,272,58
3,0,1,14,75,0,100,57
1,0,0,14,75,1,105,14
2,1,0,14,0,,100,66
3,0,1,14,78,0,132,56
1,0,0,14,93,1,193,45
3,0,1,14,100,0,161,22
3,0,1,14,100,0,171,55
1,0,0,14,0,1,171,13
1,0,0,14,90,0,181,47
1,0,0,14,95,0,213,48
3,0,1,14,100,,183,58
1,0,0,14,50,0,100,47
1,0,0,14,85,1,181,11
2,1,0,14,95,,196,32
2,1,0,14,78,,186,68
3,0,1,14,100,,230,23
3,0,1,14,90,,167,21
2,1,0,14,23,1,101,34
3,0,1,14,29,1,131,57
3,0,1,14,85,0,158,56
3,0,1,14,100,0,103,23
2,1,0,14,78,0,191,65
1,0,0,14,100,0,108,45
1,0,0,14,1,1,102,13
1,0,0,14,30,1,111,48
2,1,0,14,90,,131,34
1,0,0,14,80,1,137,12
2,1,0,14,100,0,181,67
1,0,0,14,85,0,181,12
3,0,1,14,100,0,171,24
3,0,1,14,5,1,192,55
1,0,0,15,75,0,100,12
3,0,1,15,100,,237,58
2,1,0,15,70,,172,31
1,0,0,15,90,1,179,45
3,0,1,15,80,,142,21
3,0,1,15,20,1,178,21
3,0,1,15,95,,184,56
3,0,1,15,90,0,131,57
1,0,0,15,0,1,157,12
2,1,0,15,92,0,204,65
3,0,1,15,0,1,141,22
1,0,0,15,80,0,152,48
2,1,0,15,100,0,151,33
1,0,0,15,85,,185,46
1,0,0,15,80,0,151,47
2,1,0,15,95,1,214,32
1,0,0,15,45,1,167,11
3,0,1,15,84,,214,56
2,1,0,15,0,,106,66
2,1,0,15,100,0,127,67
1,0,0,15,70,0,161,13
1,0,0,15,10,1,110,14
2,1,0,15,90,,127,68
3,0,1,15,100,0,209,22
3,0,1,15,100,0,235,23
1,0,0,15,75,0,221,47
1,0,0,15,95,0,224,45
2,1,0,15,80,1,161,65
1,0,0,15,91,0,142,14
2,1,0,15,85,,221,31
2,1,0,15,100,,211,68
1,0,0,15,95,0,181,46
2,1,0,15,80,,126,34
3,0,1,15,90,1,109,58
3,0,1,15,90,0,147,24
2,1,0,15,0,1,131,66
3,0,1,15,2,1,202,55
2,1,0,15,85,,101,34
2,1,0,15,80,0,101,33
2,1,0,15,100,0,151,32
1,0,0,15,0,1,100,11
3,0,1,15,0,1,202,23
1,0,0,15,90,1,155,13
2,1,0,15,100,0,231,67
3,0,1,15,85,0,144,57
1,0,0,15,20,1,101,48
3,0,1,15,100,0,100,55
3,0,1,15,30,1,102,24
3,0,1,16,100,0,203,55
1,0,0,16,75,0,151,47
1,0,0,16,100,0,262,11
3,0,1,16,85,1,201,22
3,0,1,16,2,1,181,21
3,0,1,16,100,0,187,21
2,1,0,16,83,1,271,68
1,0,0,16,90,0,262,48
2,1,0,16,100,,199,32
3,0,1,16,80,1,131,24
2,1,0,16,78,1,179,65
1,0,0,16,77,,178,13
1,0,0,16,80,0,111,12
3,0,1,16,0,1,101,22
2,1,0,16,0,,100,66
3,0,1,16,83,0,113,57
1,0,0,16,95,0,140,12
3,0,1,16,90,,131,24
2,1,0,16,90,,231,31
2,1,0,16,95,1,171,32
3,0,1,16,0,1,251,58
2,1,0,16,100,0,141,67
1,0,0,16,90,1,163,46
1,0,0,16,0,1,154,13
2,1,0,16,100,0,258,67
2,1,0,16,0,1,121,34
1,0,0,16,80,,102,14
1,0,0,16,100,0,111,14
3,0,1,16,100,0,110,58
2,1,0,16,90,0,202,65
1,0,0,16,80,0,123,46
1,0,0,16,10,1,109,45
3,0,1,16,72,1,102,56
2,1,0,16,98,,262,31
3,0,1,16,90,1,131,55
2,1,0,16,90,0,231,68
2,1,0,16,0,1,209,34
3,0,1,16,100,1,204,57
1,0,0,16,100,0,201,45
2,1,0,16,80,,137,33
1,0,0,16,75,,211,47
3,0,1,16,100,0,212,23
1,0,0,16,0,1,236,11
2,1,0,16,1,1,100,66
2,1,0,16,0,1,104,33
1,0,0,16,100,0,232,48
3,0,1,16,94,0,182,56
3,0,1,16,100,0,202,23
3,0,1,17,87,,155,21
2,1,0,17,85,1,254,68
1,0,0,17,50,1,103,48
1,0,0,17,78,,156,47
1,0,0,17,75,,181,47
2,1,0,17,0,1,134,34
2,1,0,17,81,1,238,68
2,1,0,17,90,,100,33
2,1,0,17,50,,102,66
2,1,0,17,100,0,251,34
1,0,0,17,95,1,256,48
3,0,1,17,90,,131,24
3,0,1,17,100,0,171,57
2,1,0,17,92,0,171,31
3,0,1,17,70,1,160,56
3,0,1,17,0,1,101,58
1,0,0,17,100,0,271,45
1,0,0,17,80,0,131,14
1,0,0,17,95,0,176,46
3,0,1,17,50,1,121,22
2,1,0,17,0,,100,66
3,0,1,17,100,1,266,55
2,1,0,17,95,,146,67
2,1,0,17,0,1,119,33
3,0,1,17,86,1,101,23
3,0,1,17,98,0,164,21
2,1,0,17,98,0,180,67
3,0,1,17,0,1,127,57
1,0,0,17,0,1,100,46
2,1,0,17,100,0,163,32
3,0,1,17,100,0,261,24
3,0,1,17,85,0,104,58
1,0,0,17,90,0,158,14
2,1,0,17,80,0,231,65
1,0,0,17,85,0,151,12
1,0,0,17,87,1,200,11
3,0,1,17,100,0,177,55
3,0,1,17,100,0,171,22
3,0,1,17,90,0,144,23
2,1,0,17,90,,125,32
1,0,0,17,60,1,141,45
2,1,0,17,75,1,151,31
2,1,0,17,92,,200,65
1,0,0,17,1,1,100,13
1,0,0,17,80,,151,12
3,0,1,17,90,0,104,56
1,0,0,17,80,1,121,13
1,0,0,17,10,1,137,11
2,1,0,18,90,0,101,68
3,0,1,18,80,,162,56
2,1,0,18,90,0,100,33
1,0,0,18,0,1,170,46
1,0,0,18,90,0,225,11
3,0,1,18,90,,176,21
2,1,0,18,0,1,191,32
3,0,1,18,98,0,267,56
1,0,0,18,0,1,134,13
3,0,1,18,95,1,146,55
1,0,0,18,50,1,101,48
1,0,0,18,85,,176,14
3,0,1,18,50,,146,22
3,0,1,18,100,,111,58
2,1,0,18,0,,,66
3,0,1,18,95,0,211,23
2,1,0,18,0,1,102,33
3,0,1,18,100,0,204,57
2,1,0,18,80,,103,31
1,0,0,18,10,1,110,45
2,1,0,18,80,1,155,65
2,1,0,18,93,0,228,31
1,0,0,18,0,1,229,46
1,0,0,18,90,0,152,12
1,0,0,18,80,0,180,47
3,0,1,18,100,1,162,55
2,1,0,18,100,0,241,67
2,1,0,18,95,,191,34
2,1,0,18,0,,101,66
3,0,1,18,100,0,187,24
3,0,1,18,100,0,234,23
1,0,0,18,90,0,101,12
3,0,1,18,0,1,236,22
2,1,0,18,100,0,211,67
3,0,1,18,99,0,201,24
3,0,1,18,100,0,170,58
3,0,1,18,80,1,127,57
2,1,0,18,100,1,251,68
1,0,0,18,85,,145,14
1,0,0,18,0,1,102,11
1,0,0,18,10,1,114,45
1,0,0,18,80,0,103,13
3,0,1,18,94,0,197,21
1,0,0,18,80,,202,47
2,1,0,18,50,1,104,65
1,0,0,18,90,0,172,48
2,1,0,18,100,0,221,32
2,1,0,18,0,1,139,34
2,1,0,19,80,,153,68
2,1,0,19,85,,175,34
3,0,1,19,80,1,141,55
1,0,0,19,80,,111,46
1,0,0,19,0,1,101,11
3,0,1,19,91,0,118,56
3,0,1,19,100,,201,58
2,1,0,19,79,1,252,68
2,1,0,19,0,1,101,33
3,0,1,19,100,1,216,55
3,0,1,19,100,0,231,23
1,0,0,19,100,1,121,11
3,0,1,19,86,0,138,57
3,0,1,19,0,1,100,24
3,0,1,19,80,0,106,57
1,0,0,19,0,1,101,46
3,0,1,19,100,0,120,23
3,0,1,19,98,0,202,58
2,1,0,19,90,0,192,65
1,0,0,19,100,0,207,14
1,0,0,19,80,0,186,47
3,0,1,19,100,0,111,22
2,1,0,19,100,0,131,67
2,1,0,19,76,1,176,34
1,0,0,19,80,,159,13
2,1,0,19,0,,,66
1,0,0,19,0,1,100,45
2,1,0,19,100,0,130,65
1,0,0,19,80,,100,12
2,1,0,19,100,1,101,66
3,0,1,19,100,0,161,24
3,0,1,19,90,0,193,22
2,1,0,19,75,1,111,32
1,0,0,19,90,,207,12
1,0,0,19,70,0,101,48
3,0,1,19,90,,261,21
3,0,1,19,100,0,131,21
1,0,0,19,89,0,169,48
1,0,0,19,0,,,13
2,1,0,19,95,,136,67
2,1,0,19,80,,100,33
1,0,0,19,90,0,117,45
1,0,0,19,90,0,120,14
2,1,0,19,0,1,102,32
2,1,0,19,98,0,121,31
2,1,0,19,100,0,281,31
3,0,1,19,68,,104,56
1,0,0,19,60,0,102,47
2,1,0,20,90,0,161,31
1,0,0,20,80,0,104,46
1,0,0,20,100,0,211,47
1,0,0,20,95,,289,45
1,0,0,20,0,1,100,46
2,1,0,20,50,,101,66
1,0,0,20,99,0,102,11
3,0,1,20,95,0,113,22
2,1,0,20,0,1,100,33
1,0,0,20,100,0,121,14
2,1,0,20,85,,173,31
2,1,0,20,100,,246,68
2,1,0,20,0,1,101,66
1,0,0,20,30,1,100,11
2,1,0,20,100,0,141,32
3,0,1,20,40,1,100,55
2,1,0,20,55,1,103,68
3,0,1,20,0,1,150,22
3,0,1,20,77,,144,21
1,0,0,20,91,0,221,48
1,0,0,20,0,,,12
1,0,0,20,95,0,132,12
3,0,1,20,100,0,152,23
3,0,1,20,95,0,141,57
3,0,1,20,95,,281,24
1,0,0,20,95,0,234,14
2,1,0,20,100,0,259,67
3,0,1,20,100,1,172,58
1,0,0,20,85,0,139,48
3,0,1,20,98,,186,21
1,0,0,20,0,,,13
2,1,0,20,94,0,104,33
1,0,0,20,100,0,100,45
3,0,1,20,93,0,141,56
3,0,1,20,2,1,195,55
1,0,0,20,75,0,125,47
2,1,0,20,95,0,188,65
3,0,1,20,100,,254,58
3,0,1,20,95,0,151,24
3,0,1,20,81,0,151,57
2,1,0,20,95,,176,34
2,1,0,20,95,,162,67
2,1,0,20,34,1,101,34
1,0,0,20,0,,,13
2,1,0,20,70,1,134,65
3,0,1,20,100,0,131,23
3,0,1,20,78,1,102,56
2,1,0,20,60,1,102,32
1,0,0,21,0,0,107,11
2,1,0,21,100,,171,67
1,0,0,21,82,0,152,12
3,0,1,21,100,,300,58
2,1,0,21,80,,106,34
3,0,1,21,100,0,255,55
1,0,0,21,0,1,126,11
1,0,0,21,89,0,169,48
2,1,0,21,100,,230,34
3,0,1,21,91,0,181,57
3,0,1,21,79,1,106,23
2,1,0,21,99,,152,32
1,0,0,21,95,0,180,14
2,1,0,21,90,,171,68
3,0,1,21,92,,129,56
2,1,0,21,0,1,100,66
1,0,0,21,0,1,163,46
2,1,0,21,90,,183,65
3,0,1,21,90,0,190,56
2,1,0,21,100,0,181,32
3,0,1,21,100,0,201,58
3,0,1,21,100,0,136,21
3,0,1,21,100,0,181,24
1,0,0,21,80,,136,48
3,0,1,21,95,0,212,24
3,0,1,21,1,1,141,21
3,0,1,21,100,0,141,23
3,0,1,21,85,0,191,22
2,1,0,21,90,,130,33
1,0,0,21,90,1,176,14
1,0,0,21,75,0,130,47
1,0,0,21,100,0,212,47
2,1,0,21,100,0,213,31
1,0,0,21,85,0,110,45
1,0,0,21,1,1,300,45
3,0,1,21,0,1,103,57
3,0,1,21,75,1,146,22
1,0,0,21,100,0,100,13
2,1,0,21,100,0,106,31
2,1,0,21,90,0,100,33
2,1,0,21,0,1,101,68
2,1,0,21,1,,287,65
2,1,0,21,0,1,102,66
1,0,0,21,90,0,101,12
2,1,0,21,100,0,222,67
1,0,0,21,80,0,121,13
1,0,0,21,85,0,131,46
3,0,1,21,100,0,181,55
2,1,0,22,85,,208,31
1,0,0,22,80,0,201,48
3,0,1,22,75,,100,22
1,0,0,22,85,1,121,11
2,1,0,22,97,0,244,67
3,0,1,22,100,,202,23
3,0,1,22,91,1,207,24
3,0,1,22,1,1,166,21
3,0,1,22,100,1,153,55
2,1,0,22,0,,,66
1,0,0,22,95,1,276,14
2,1,0,22,87,1,171,65
3,0,1,22,100,,141,22
3,0,1,22,100,0,117,58
3,0,1,22,0,1,100,55
3,0,1,22,1,1,101,21
1,0,0,22,95,0,116,11
3,0,1,22,100,0,201,57
1,0,0,22,0,1,100,13
3,0,1,22,0,,301,58
2,1,0,22,100,0,140,33
2,1,0,22,90,0,146,31
1,0,0,22,90,,192,45
2,1,0,22,0,,,66
2,1,0,22,100,1,136,32
2,1,0,22,90,,132,33
1,0,0,22,90,0,156,46
2,1,0,22,93,,194,65
1,0,0,22,43,,144,13
1,0,0,22,80,1,103,48
3,0,1,22,0,1,155,57
2,1,0,22,100,,279,34
2,1,0,22,90,,182,68
2,1,0,22,95,,161,34
3,0,1,22,100,1,271,24
2,1,0,22,100,0,162,32
1,0,0,22,0,1,226,14
1,0,0,22,0,1,100,12
1,0,0,22,92,0,187,12
3,0,1,22,60,1,135,56
1,0,0,22,75,0,214,47
1,0,0,22,70,,151,47
3,0,1,22,100,0,214,56
3,0,1,22,100,,256,23
1,0,0,22,90,1,226,45
2,1,0,22,95,,217,67
2,1,0,22,1,1,103,68
1,0,0,22,90,0,137,46
1,0,0,23,0,1,100,13
3,0,1,23,74,,141,21
2,1,0,23,80,0,212,68
2,1,0,23,0,1,100,66
1,0,0,23,0,1,111,11
3,0,1,23,100,1,251,23
2,1,0,23,100,0,163,67
2,1,0,23,100,0,133,32
1,0,0,23,95,0,207,48
1,0,0,23,50,1,150,47
3,0,1,23,99,0,242,58
1,0,0,23,0,,,12
2,1,0,23,92,0,265,68
1,0,0,23,100,0,152,45
3,0,1,23,100,0,201,24
3,0,1,23,80,,102,57
3,0,1,23,100,1,181,57
1,0,0,23,74,0,134,12
2,1,0,23,0,1,133,32
1,0,0,23,10,1,142,14
3,0,1,23,80,0,122,22
3,0,1,23,95,0,131,21
2,1,0,23,70,,121,34
2,1,0,23,85,,189,31
2,1,0,23,78,,175,65
2,1,0,23,80,,116,31
3,0,1,23,100,0,184,23
1,0,0,23,99,0,102,11
2,1,0,23,0,,,66
3,0,1,23,93,,228,56
3,0,1,23,95,1,244,55
1,0,0,23,1,1,102,13
2,1,0,23,0,1,104,34
1,0,0,23,75,,106,45
2,1,0,23,100,0,201,67
1,0,0,23,70,,149,47
1,0,0,23,85,1,205,46
2,1,0,23,0,1,100,33
3,0,1,23,100,0,104,56
3,0,1,23,100,0,261,24
1,0,0,23,85,0,121,46
3,0,1,23,0,1,101,58
2,1,0,23,90,0,131,33
2,1,0,23,1,0,280,65
3,0,1,23,100,,151,22
3,0,1,23,100,0,205,55
1,0,0,23,80,1,232,48
1,0,0,23,90,,204,14
2,1,0,24,100,,237,67
1,0,0,24,0,1,185,48
3,0,1,24,97,1,176,55
3,0,1,24,0,1,121,57
2,1,0,24,100,,176,34
3,0,1,24,95,1,203,23
3,0,1,24,99,0,151,58
2,1,0,24,100,0,121,31
3,0,1,24,100,0,203,22
2,1,0,24,100,0,100,66
1,0,0,24,80,0,231,47
3,0,1,24,79,0,194,24
1,0,0,24,75,1,151,13
1,0,0,24,90,0,191,46
3,0,1,24,75,1,116,22
3,0,1,24,80,0,134,57
1,0,0,24,100,0,151,13
2,1,0,24,99,,196,32
2,1,0,24,100,0,101,33
2,1,0,24,90,,261,65
1,0,0,24,92,0,192,12
1,0,0,24,90,0,122,48
2,1,0,24,80,0,168,68
3,0,1,24,0,1,100,24
1,0,0,24,77,1,108,45
2,1,0,24,1,1,172,65
3,0,1,24,0,,121,21
2,1,0,24,90,,186,68
1,0,0,24,70,0,100,12
1,0,0,24,90,0,139,46
3,0,1,24,65,1,115,55
1,0,0,24,100,,154,14
3,0,1,24,100,0,257,23
1,0,0,24,0,1,132,14
2,1,0,24,85,,206,31
1,0,0,24,100,0,215,45
3,0,1,24,0,1,168,58
2,1,0,24,99,,131,67
1,0,0,24,30,1,104,11
1,0,0,24,0,,,11
1,0,0,24,95,,186,47
3,0,1,24,90,,176,56
3,0,1,24,80,,119,56
3,0,1,24,1,1,101,21
2,1,0,24,100,,159,33
2,1,0,24,99,0,151,32
2,1,0,24,100,0,121,66
2,1,0,24,50,1,142,34
3,0,1,25,50,,100,21
2,1,0,25,95,,131,34
2,1,0,25,100,,279,31
3,0,1,25,100,0,199,55
2,1,0,25,100,0,221,32
1,0,0,25,60,0,125,47
3,0,1,25,1,1,161,21
2,1,0,25,0,1,159,34
3,0,1,25,100,0,191,57
1,0,0,25,0,,100,13
3,0,1,25,91,0,165,56
1,0,0,25,75,0,156,47
2,1,0,25,79,0,201,68
3,0,1,25,75,1,151,22
1,0,0,25,90,0,163,14
1,0,0,25,92,0,235,48
2,1,0,25,100,0,151,33
1,0,0,25,80,,100,14
1,0,0,25,95,0,191,11
3,0,1,25,99,0,101,58
1,0,0,25,90,0,168,46
1,0,0,25,100,0,130,45
3,0,1,25,100,0,216,23
3,0,1,25,100,0,171,58
2,1,0,25,92,0,202,31
1,0,0,25,70,0,101,13
1,0,0,25,90,0,264,45
3,0,1,25,0,1,100,57
2,1,0,25,0,,,66
3,0,1,25,91,,171,56
3,0,1,25,100,0,201,24
3,0,1,25,100,,196,55
1,0,0,25,92,0,182,12
1,0,0,25,90,0,216,48
2,1,0,25,100,0,221,67
1,0,0,25,0,,100,46
2,1,0,25,60,,133,66
1,0,0,25,50,1,100,12
2,1,0,25,100,0,166,32
1,0,0,25,95,1,121,11
2,1,0,25,99,0,166,65
3,0,1,25,100,0,241,23
3,0,1,25,95,1,301,24
2,1,0,25,0,1,112,33
2,1,0,25,90,0,151,65
2,1,0,25,0,1,158,68
3,0,1,25,75,,181,22
2,1,0,25,99,,199,67
3,0,1,26,85,1,155,56
3,0,1,26,90,0,153,58
3,0,1,26,100,0,170,23
1,0,0,26,50,0,102,13
2,1,0,26,90,0,175,65
2,1,0,26,100,,201,32
2,1,0,26,80,1,100,67
1,0,0,26,90,0,211,46
2,1,0,26,50,,182,68
1,0,0,26,100,0,151,45
3,0,1,26,0,1,100,24
1,0,0,26,50,1,100,48
1,0,0,26,73,,153,47
1,0,0,26,85,0,106,48
1,0,0,26,0,1,154,45
2,1,0,26,85,,209,31
2,1,0,26,0,,,66
3,0,1,26,95,,124,55
1,0,0,26,1,1,191,11
1,0,0,26,95,0,201,12
3,0,1,26,100,0,180,21
3,0,1,26,0,1,199,22
1,0,0,26,85,0,183,12
2,1,0,26,90,,176,34
3,0,1,26,0,,199,21
3,0,1,26,95,0,161,57
2,1,0,26,50,,100,33
3,0,1,26,0,1,121,23
3,0,1,26,85,0,154,57
2,1,0,26,80,0,116,33
2,1,0,26,100,0,202,32
1,0,0,26,60,,157,46
2,1,0,26,0,1,105,68
1,0,0,26,0,1,100,11
3,0,1,26,87,1,121,24
3,0,1,26,96,0,232,56
2,1,0,26,95,,201,34
1,0,0,26,100,0,201,14
2,1,0,26,0,1,100,66
3,0,1,26,100,,266,58
2,1,0,26,75,,207,65
1,0,0,26,0,,100,13
1,0,0,26,91,0,131,14
1,0,0,26,0,1,116,47
2,1,0,26,98,,236,31
3,0,1,26,80,1,241,22
2,1,0,26,95,0,134,67
3,0,1,26,100,,241,55
3,0,1,27,100,0,201,57
3,0,1,27,5,1,100,55
3,0,1,27,100,0,211,23
1,0,0,27,90,0,156,46
3,0,1,27,100,0,202,22
2,1,0,27,100,0,111,66
1,0,0,27,95,0,224,47
2,1,0,27,100,,285,67
1,0,0,27,95,0,201,12
2,1,0,27,92,,254,68
2,1,0,27,93,,135,34
2,1,0,27,50,1,102,34
1,0,0,27,100,0,243,48
3,0,1,27,100,0,230,24
2,1,0,27,99,0,174,31
1,0,0,27,60,,131,13
3,0,1,27,100,0,254,24
1,0,0,27,100,,102,45
3,0,1,27,0,1,100,57
3,0,1,27,93,,203,56
3,0,1,27,100,,252,55
3,0,1,27,50,1,200,58
3,0,1,27,0,1,102,58
2,1,0,27,50,,100,66
1,0,0,27,94,0,177,12
1,0,0,27,90,0,215,14
1,0,0,27,75,0,151,47
2,1,0,27,0,0,257,65
2,1,0,27,90,0,241,68
1,0,0,27,90,1,151,11
1,0,0,27,98,0,201,48
1,0,0,27,97,0,100,11
2,1,0,27,91,,151,33
2,1,0,27,100,1,166,32
3,0,1,27,95,0,101,23
2,1,0,27,0,1,138,33
3,0,1,27,75,0,121,22
1,0,0,27,95,0,181,46
3,0,1,27,0,1,191,21
2,1,0,27,100,0,211,31
1,0,0,27,85,,175,14
3,0,1,27,100,0,167,21
3,0,1,27,100,0,181,56
2,1,0,27,100,0,151,32
1,0,0,27,0,1,100,13
1,0,0,27,100,0,259,45
2,1,0,27,0,1,125,65
2,1,0,27,97,,182,67
2,1,0,28,0,1,101,32
1,0,0,28,100,,112,45
3,0,1,28,90,,100,55
1,0,0,28,0,1,111,11
1,0,0,28,90,0,179,46
1,0,0,28,75,,150,13
2,1,0,28,97,0,120,67
3,0,1,28,2,1,102,57
3,0,1,28,100,0,101,22
3,0,1,28,98,0,191,21
2,1,0,28,80,1,247,65
1,0,0,28,90,0,141,45
1,0,0,28,90,0,156,48
3,0,1,28,100,0,202,56
2,1,0,28,55,,190,68
2,1,0,28,100,0,201,67
3,0,1,28,0,,,57
3,0,1,28,85,0,151,58
3,0,1,28,10,1,127,55
2,1,0,28,100,0,151,34
2,1,0,28,100,0,152,33
2,1,0,28,85,1,223,31
2,1,0,28,100,0,155,66
3,0,1,28,95,,242,24
2,1,0,28,95,,135,65
2,1,0,28,90,0,151,68
3,0,1,28,100,,181,24
1,0,0,28,90,0,148,13
3,0,1,28,90,1,207,23
1,0,0,28,0,1,100,47
2,1,0,28,0,,,66
1,0,0,28,5,1,102,14
1,0,0,28,95,0,116,12
2,1,0,28,90,1,221,31
1,0,0,28,60,1,181,46
2,1,0,28,0,1,161,33
2,1,0,28,65,1,155,34
3,0,1,28,90,1,118,22
1,0,0,28,80,0,100,12
1,0,0,28,60,,104,48
1,0,0,28,94,0,221,14
3,0,1,28,100,0,116,58
1,0,0,28,75,0,101,47
3,0,1,28,100,0,171,21
3,0,1,28,100,0,240,23
1,0,0,28,0,,,11
3,0,1,28,98,,221,56
2,1,0,28,100,0,105,32
3,0,1,29,92,,152,56
1,0,0,29,1,1,154,45
2,1,0,29,100,,152,67
1,0,0,29,75,,126,47
2,1,0,29,100,0,141,31
3,0,1,29,0,1,100,58
2,1,0,29,0,1,151,34
2,1,0,29,91,0,203,68
1,0,0,29,90,,151,13
2,1,0,29,1,1,201,65
2,1,0,29,95,,137,65
3,0,1,29,100,1,296,23
1,0,0,29,80,0,151,13
1,0,0,29,0,1,151,14
2,1,0,29,0,1,101,34
3,0,1,29,100,0,142,56
1,0,0,29,56,,115,47
1,0,0,29,90,0,233,48
3,0,1,29,85,0,125,57
2,1,0,29,98,,126,31
1,0,0,29,85,0,133,46
1,0,0,29,5,,106,11
1,0,0,29,91,1,191,11
3,0,1,29,0,1,106,58
2,1,0,29,99,1,152,32
3,0,1,29,95,1,111,24
1,0,0,29,0,1,100,46
2,1,0,29,100,0,111,33
3,0,1,29,100,,301,55
3,0,1,29,75,0,101,22
1,0,0,29,100,0,256,48
3,0,1,29,100,0,200,22
1,0,0,29,100,,232,14
3,0,1,29,100,0,155,23
2,1,0,29,0,,,66
3,0,1,29,100,0,162,21
1,0,0,29,69,0,101,12
2,1,0,29,100,0,201,32
1,0,0,29,80,0,168,45
1,0,0,29,91,0,145,12
3,0,1,29,0,1,100,55
3,0,1,29,92,0,181,24
2,1,0,29,90,0,100,66
3,0,1,29,0,1,145,21
2,1,0,29,65,1,100,67
2,1,0,29,90,,127,33
2,1,0,29,90,,246,68
3,0,1,29,90,,157,57
2,1,0,30,75,1,235,34
2,1,0,30,100,0,111,66
3,0,1,30,50,,101,21
2,1,0,30,100,0,174,31
1,0,0,30,100,0,242,48
2,1,0,30,100,,100,33
1,0,0,30,0,1,100,13
3,0,1,30,100,0,175,22
1,0,0,30,70,0,124,13
1,0,0,30,1,1,116,11
1,0,0,30,100,0,204,14
2,1,0,30,99,0,134,32
2,1,0,30,50,1,105,33
1,0,0,30,100,0,251,45
2,1,0,30,85,,151,31
3,0,1,30,100,0,148,23
1,0,0,30,90,,131,45
1,0,0,30,0,1,121,12
3,0,1,30,100,0,147,23
3,0,1,30,95,0,205,56
2,1,0,30,0,1,181,66
2,1,0,30,0,1,147,34
1,0,0,30,95,0,161,46
3,0,1,30,10,1,201,55
1,0,0,30,75,0,100,12
1,0,0,30,78,,102,14
3,0,1,30,100,0,201,57
3,0,1,30,100,,251,55
2,1,0,30,65,0,121,68
3,0,1,30,50,,246,56
1,0,0,30,100,,201,47
1,0,0,30,95,0,211,47
3,0,1,30,0,1,101,58
3,0,1,30,30,1,137,24
2,1,0,30,100,0,256,67
3,0,1,30,100,0,231,24
3,0,1,30,0,,144,21
1,0,0,30,90,0,156,46
1,0,0,30,0,1,116,11
2,1,0,30,100,,161,32
1,0,0,30,85,0,121,48
2,1,0,30,100,,241,67
2,1,0,30,72,1,221,65
2,1,0,30,75,1,222,65
3,0,1,30,100,0,271,58
3,0,1,30,0,1,100,57
2,1,0,30,1,1,201,68
3,0,1,30,95,,151,22
3,0,1,31,90,0,123,21
1,0,0,31,0,1,102,46
3,0,1,31,100,0,201,58
2,1,0,31,1,1,181,65
3,0,1,31,100,0,145,24
3,0,1,31,91,,181,57
2,1,0,31,85,0,111,33
1,0,0,31,0,1,135,47
2,1,0,31,95,,146,31
2,1,0,31,89,,151,31
3,0,1,31,75,1,120,22
1,0,0,31,50,1,144,45
2,1,0,31,90,,111,33
2,1,0,31,0,,151,68
2,1,0,31,100,,160,32
1,0,0,31,16,1,116,14
2,1,0,31,0,1,168,65
1,0,0,31,0,,,46
1,0,0,31,0,1,102,47
2,1,0,31,90,0,201,68
3,0,1,31,99,,189,24
3,0,1,31,100,,151,55
2,1,0,31,100,0,211,67
1,0,0,31,80,1,100,11
2,1,0,31,100,0,200,32
3,0,1,31,100,0,154,23
1,0,0,31,0,1,102,11
1,0,0,31,100,0,180,13
3,0,1,31,85,,154,56
2,1,0,31,95,,189,67
2,1,0,31,100,0,100,66
3,0,1,31,97,0,201,21
3,0,1,31,100,0,207,55
1,0,0,31,85,1,140,12
2,1,0,31,0,1,111,34
3,0,1,31,100,0,130,58
3,0,1,31,70,1,176,56
1,0,0,31,90,0,121,13
1,0,0,31,91,0,189,48
2,1,0,31,100,,141,34
1,0,0,31,95,0,160,12
1,0,0,31,92,0,214,48
3,0,1,31,100,0,171,23
3,0,1,31,0,,202,22
3,0,1,31,0,,,57
2,1,0,31,50,,100,66
1,0,0,31,88,0,133,45
1,0,0,31,0,1,172,14
1,0,0,32,90,0,167,12
1,0,0,32,70,,100,47
3,0,1,32,100,0,171,57
2,1,0,32,1,1,144,65
2,1,0,32,100,,201,32
3,0,1,32,0,1,163,22
3,0,1,32,61,,124,21
1,0,0,32,95,,281,45
2,1,0,32,0,1,101,34
2,1,0,32,97,,201,67
1,0,0,32,100,0,100,11
2,1,0,32,0,1,100,33
1,0,0,32,100,0,241,48
3,0,1,32,100,0,102,23
1,0,0,32,90,0,146,48
1,0,0,32,85,0,131,13
3,0,1,32,0,1,100,21
1,0,0,32,70,,170,47
2,1,0,32,87,,111,68
3,0,1,32,3,1,123,55
1,0,0,32,100,0,175,14
3,0,1,32,100,1,251,58
3,0,1,32,100,0,234,23
1,0,0,32,85,0,101,46
1,0,0,32,0,1,100,45
1,0,0,32,0,1,152,14
2,1,0,32,100,,129,67
3,0,1,32,100,0,201,24
2,1,0,32,0,1,191,32
3,0,1,32,95,,202,56
2,1,0,32,0,,131,68
1,0,0,32,95,0,101,11
1,0,0,32,0,1,100,13
2,1,0,32,93,,225,65
3,0,1,32,100,0,151,58
2,1,0,32,95,,146,33
1,0,0,32,90,0,141,46
2,1,0,32,0,,,66
3,0,1,32,90,0,100,57
3,0,1,32,95,0,177,24
2,1,0,32,95,,161,34
2,1,0,32,87,,168,31
3,0,1,32,87,,117,56
1,0,0,32,0,1,101,12
3,0,1,32,85,,151,22
2,1,0,32,60,,100,31
2,1,0,32,0,,,66
3,0,1,32,95,,148,55
2,1,0,33,0,,,66
3,0,1,33,100,,173,22
3,0,1,33,0,1,102,21
3,0,1,33,100,0,116,23
3,0,1,33,98,0,176,56
2,1,0,33,80,0,101,68
1,0,0,33,68,0,117,12
3,0,1,33,0,,,55
2,1,0,33,100,,153,32
2,1,0,33,0,1,100,34
2,1,0,33,100,0,131,32
3,0,1,33,100,0,251,57
1,0,0,33,0,1,103,11
1,0,0,33,91,0,182,14
3,0,1,33,87,,205,56
2,1,0,33,100,0,206,67
1,0,0,33,100,0,230,45
1,0,0,33,0,1,201,14
2,1,0,33,100,,206,34
3,0,1,33,91,,180,57
3,0,1,33,0,,,58
1,0,0,33,88,,166,46
1,0,0,33,0,,,45
2,1,0,33,100,0,248,31
1,0,0,33,0,0,100,11
2,1,0,33,95,0,163,31
1,0,0,33,0,1,100,13
3,0,1,33,100,0,251,22
1,0,0,33,80,,158,47
3,0,1,33,95,0,141,24
1,0,0,33,100,0,203,48
2,1,0,33,0,,100,66
3,0,1,33,100,0,199,23
1,0,0,33,0,1,100,13
1,0,0,33,95,,180,12
2,1,0,33,90,0,161,68
2,1,0,33,1,1,104,65
2,1,0,33,0,1,261,67
3,0,1,33,0,1,188,21
3,0,1,33,3,1,113,55
1,0,0,33,0,1,100,47
2,1,0,33,0,,,33
1,0,0,33,100,0,245,48
3,0,1,33,100,0,215,24
2,1,0,33,0,1,100,33
1,0,0,33,90,0,190,46
3,0,1,33,100,0,100,58
2,1,0,33,90,,195,65
1,0,0,34,82,0,204,48
3,0,1,34,100,,251,24
1,0,0,34,81,1,103,11
2,1,0,34,0,,,66
1,0,0,34,0,,100,13
3,0,1,34,0,,,57
3,0,1,34,20,1,221,22
3,0,1,34,3,1,173,55
1,0,0,34,80,0,111,45
1,0,0,34,0,1,238,12
2,1,0,34,0,1,204,32
1,0,0,34,75,0,152,14
1,0,0,34,0,,,47
1,0,0,34,100,0,170,13
1,0,0,34,0,1,100,46
2,1,0,34,0,1,232,68
1,0,0,34,50,,102,12
3,0,1,34,87,1,181,56
2,1,0,34,98,,231,67
3,0,1,34,100,0,221,23
1,0,0,34,0,,,11
2,1,0,34,100,,161,33
2,1,0,34,100,0,141,31
1,0,0,34,86,0,146,46
2,1,0,34,0,1,181,34
3,0,1,34,95,,127,56
1,0,0,34,95,0,232,48
3,0,1,34,1,1,246,22
3,0,1,34,100,0,191,57
1,0,0,34,88,1,208,14
2,1,0,34,0,,,66
2,1,0,34,100,0,146,31
3,0,1,34,100,,203,58
2,1,0,34,95,,151,67
3,0,1,34,0,1,161,21
2,1,0,34,100,0,181,33
2,1,0,34,90,0,181,65
1,0,0,34,80,,190,47
1,0,0,34,88,0,121,45
2,1,0,34,90,,276,68
3,0,1,34,100,,174,24
3,0,1,34,100,0,181,58
2,1,0,34,100,0,181,34
2,1,0,34,100,,181,32
3,0,1,34,100,0,288,23
3,0,1,34,0,,100,21
2,1,0,34,67,1,202,65
3,0,1,34,92,,192,55
2,1,0,35,0,1,101,33
3,0,1,35,100,0,263,58
2,1,0,35,100,0,116,32
2,1,0,35,0,,,66
1,0,0,35,80,,151,47
3,0,1,35,98,0,114,56
1,0,0,35,60,,120,13
3,0,1,35,100,0,163,57
2,1,0,35,9,1,100,68
3,0,1,35,1,1,103,22
1,0,0,35,90,0,133,48
3,0,1,35,80,0,121,22
2,1,0,35,100,0,181,32
1,0,0,35,75,1,150,47
3,0,1,35,0,1,100,24
2,1,0,35,0,1,100,34
1,0,0,35,50,1,126,45
3,0,1,35,100,0,176,56
1,0,0,35,0,1,100,46
1,0,0,35,99,0,104,11
2,1,0,35,90,0,201,68
1,0,0,35,90,0,252,45
2,1,0,35,95,0,212,31
3,0,1,35,100,,181,24
2,1,0,35,100,0,181,67
2,1,0,35,0,,,66
2,1,0,35,75,1,221,34
3,0,1,35,100,,199,23
1,0,0,35,90,0,113,12
1,0,0,35,0,1,177,12
3,0,1,35,100,,155,58
2,1,0,35,82,,132,31
1,0,0,35,80,1,276,48
1,0,0,35,80,,100,14
1,0,0,35,100,0,160,13
3,0,1,35,41,1,141,55
1,0,0,35,90,0,146,46
3,0,1,35,0,1,100,55
2,1,0,35,90,,181,65
2,1,0,35,90,0,131,33
3,0,1,35,50,,100,21
3,0,1,35,100,0,214,23
1,0,0,35,0,,135,14
1,0,0,35,0,,,11
3,0,1,35,100,0,156,21
3,0,1,35,100,0,134,57
2,1,0,35,90,,231,65
2,1,0,35,100,0,139,67
1,0,0,36,91,,171,14
3,0,1,36,100,0,151,24
2,1,0,36,95,,149,67
1,0,0,36,0,1,140,47
3,0,1,36,100,,301,22
1,0,0,36,0,1,266,45
1,0,0,36,0,1,100,11
1,0,0,36,90,0,129,46
2,1,0,36,100,1,146,66
2,1,0,36,0,1,154,32
3,0,1,36,80,0,177,21
3,0,1,36,100,,216,23
2,1,0,36,75,,201,68
3,0,1,36,21,1,121,56
2,1,0,36,0,1,281,32
1,0,0,36,1,1,100,11
2,1,0,36,98,0,221,31
1,0,0,36,100,,106,45
3,0,1,36,0,,,57
1,0,0,36,90,0,172,48
3,0,1,36,100,1,181,55
3,0,1,36,80,,119,56
3,0,1,36,100,,288,55
1,0,0,36,0,1,102,13
2,1,0,36,95,,131,34
2,1,0,36,0,1,192,65
3,0,1,36,0,,257,58
1,0,0,36,100,,140,14
3,0,1,36,100,0,174,58
2,1,0,36,96,0,131,31
1,0,0,36,99,0,101,12
1,0,0,36,90,0,189,48
3,0,1,36,70,1,171,24
2,1,0,36,72,,244,65
3,0,1,36,0,1,100,57
3,0,1,36,0,1,127,23
1,0,0,36,70,1,151,13
2,1,0,36,0,,,33
1,0,0,36,25,1,100,47
3,0,1,36,90,,110,21
2,1,0,36,0,1,101,33
2,1,0,36,100,1,100,66
2,1,0,36,100,0,206,67
1,0,0,36,0,,102,46
2,1,0,36,100,0,182,34
2,1,0,36,0,1,100,68
3,0,1,36,0,1,161,22
1,0,0,36,80,0,114,12
1,0,0,37,0,,,46
3,0,1,37,100,0,233,23
3,0,1,37,70,,108,56
1,0,0,37,0,1,100,11
3,0,1,37,90,1,261,57
2,1,0,37,60,0,100,66
3,0,1,37,100,0,244,58
2,1,0,37,0,1,100,33
2,1,0,37,1,,201,65
2,1,0,37,0,,,66
3,0,1,37,0,1,112,21
2,1,0,37,100,0,291,67
2,1,0,37,100,0,111,32
2,1,0,37,100,0,116,31
3,0,1,37,0,,100,58
2,1,0,37,100,0,127,33
2,1,0,37,0,1,268,67
1,0,0,37,100,0,115,45
1,0,0,37,95,0,123,12
1,0,0,37,0,1,151,47
3,0,1,37,100,0,161,23
2,1,0,37,0,1,146,32
3,0,1,37,100,1,113,55
3,0,1,37,100,0,183,55
2,1,0,37,80,0,100,34
2,1,0,37,85,0,121,68
3,0,1,37,100,0,201,24
1,0,0,37,90,0,188,48
1,0,0,37,0,1,115,14
1,0,0,37,0,1,160,12
3,0,1,37,90,0,133,56
1,0,0,37,100,,272,48
2,1,0,37,100,0,234,31
3,0,1,37,10,1,100,24
2,1,0,37,95,,245,34
1,0,0,37,0,1,190,47
2,1,0,37,0,1,282,68
3,0,1,37,75,0,104,22
3,0,1,37,0,,,21
1,0,0,37,92,0,181,46
2,1,0,37,0,1,203,65
1,0,0,37,100,,236,14
3,0,1,37,0,1,100,22
1,0,0,37,0,1,100,45
1,0,0,37,0,,,11
1,0,0,37,61,,131,13
1,0,0,37,90,,136,13
3,0,1,37,100,0,221,57
3,0,1,38,97,0,181,21
3,0,1,38,98,,178,56
3,0,1,38,85,,211,56
1,0,0,38,20,1,121,48
2,1,0,38,100,0,221,31
2,1,0,38,100,,220,67
3,0,1,38,100,0,208,23
1,0,0,38,0,1,118,14
2,1,0,38,0,1,121,66
2,1,0,38,100,,101,33
3,0,1,38,0,,,55
1,0,0,38,80,0,188,12
1,0,0,38,0,1,100,46
1,0,0,38,0,,,46
1,0,0,38,90,0,181,47
1,0,0,38,0,,100,13
3,0,1,38,88,,174,24
2,1,0,38,0,1,151,33
3,0,1,38,0,,,57
1,0,0,38,80,,101,45
3,0,1,38,85,0,121,24
2,1,0,38,100,,133,34
3,0,1,38,0,1,100,57
3,0,1,38,100,0,241,22
2,1,0,38,85,,207,68
3,0,1,38,80,0,201,21
1,0,0,38,65,,100,12
1,0,0,38,1,1,102,13
2,1,0,38,75,0,123,66
3,0,1,38,0,1,174,22
2,1,0,38,100,0,152,32
2,1,0,38,90,0,100,32
2,1,0,38,98,0,231,31
2,1,0,38,0,1,100,68
2,1,0,38,90,1,241,65
2,1,0,38,97,,255,67
2,1,0,38,100,,247,65
1,0,0,38,0,,,11
1,0,0,38,1,,100,11
1,0,0,38,0,1,181,47
1,0,0,38,100,0,201,45
3,0,1,38,2,1,100,55
3,0,1,38,0,1,100,58
3,0,1,38,90,0,100,58
2,1,0,38,0,1,100,34
3,0,1,38,100,0,211,23
1,0,0,38,100,,241,48
1,0,0,38,85,0,105,14
1,0,0,39,87,0,157,12
1,0,0,39,25,,100,48
2,1,0,39,100,,206,67
1,0,0,39,0,,100,13
3,0,1,39,100,0,166,57
3,0,1,39,100,0,241,55
3,0,1,39,100,0,181,21
3,0,1,39,100,0,229,23
3,0,1,39,85,0,151,57
1,0,0,39,0,1,100,45
2,1,0,39,88,1,228,31
3,0,1,39,99,0,107,58
3,0,1,39,100,0,231,24
2,1,0,39,99,0,100,67
2,1,0,39,99,0,271,31
2,1,0,39,80,,100,34
1,0,0,39,0,1,100,14
3,0,1,39,88,,175,22
1,0,0,39,85,1,186,46
3,0,1,39,1,,101,22
1,0,0,39,70,0,106,46
3,0,1,39,60,,120,56
1,0,0,39,95,1,171,11
1,0,0,39,80,0,251,45
2,1,0,39,0,,,66
2,1,0,39,100,,191,32
2,1,0,39,0,,100,68
1,0,0,39,0,,100,48
2,1,0,39,1,,216,65
1,0,0,39,0,,,12
2,1,0,39,0,,,33
1,0,0,39,55,,111,47
3,0,1,39,98,,251,56
2,1,0,39,70,0,100,33
2,1,0,39,0,1,203,32
2,1,0,39,80,1,136,34
2,1,0,39,75,0,104,66
3,0,1,39,0,1,100,55
3,0,1,39,0,1,112,23
2,1,0,39,1,1,101,68
1,0,0,39,80,0,161,47
1,0,0,39,0,1,203,11
3,0,1,39,100,0,282,24
1,0,0,39,90,0,244,14
1,0,0,39,0,1,121,13
3,0,1,39,50,,132,21
3,0,1,39,80,0,141,58
2,1,0,39,99,0,116,65
1,0,0,40,92,,176,12
3,0,1,40,98,0,198,21
1,0,0,40,100,0,204,14
3,0,1,40,80,,169,22
3,0,1,40,75,0,136,22
2,1,0,40,0,,121,68
2,1,0,40,80,,131,34
3,0,1,40,100,0,221,23
3,0,1,40,100,0,176,23
3,0,1,40,0,1,144,58
3,0,1,40,100,1,250,24
1,0,0,40,70,0,100,46
1,0,0,40,90,0,164,46
2,1,0,40,0,1,206,32
1,0,0,40,70,,141,47
1,0,0,40,75,0,131,47
2,1,0,40,0,,,33
2,1,0,40,1,1,128,65
3,0,1,40,100,,220,24
2,1,0,40,85,1,152,31
2,1,0,40,100,,246,34
2,1,0,40,0,,,66
3,0,1,40,85,0,138,57
1,0,0,40,0,,,11
2,1,0,40,70,1,100,66
3,0,1,40,90,0,168,56
2,1,0,40,100,0,161,32
2,1,0,40,99,,101,67
3,0,1,40,100,0,204,55
1,0,0,40,85,,131,13
1,0,0,40,10,,202,14
3,0,1,40,5,1,100,57
1,0,0,40,90,0,160,12
2,1,0,40,100,0,175,67
1,0,0,40,90,1,188,48
3,0,1,40,100,,100,56
1,0,0,40,80,0,100,13
2,1,0,40,7,1,204,65
1,0,0,40,0,,,11
1,0,0,40,100,0,151,45
1,0,0,40,0,,,45
3,0,1,40,0,1,100,21
2,1,0,40,90,0,158,68
3,0,1,40,90,0,165,58
3,0,1,40,100,0,195,55
2,1,0,40,0,1,131,33
2,1,0,40,85,1,126,31
1,0,0,40,60,1,167,48
1,0,0,41,75,0,103,14
3,0,1,41,100,0,151,57
2,1,0,41,0,,100,33
1,0,0,41,70,1,112,13
3,0,1,41,0,1,100,57
2,1,0,41,100,,201,34
2,1,0,41,95,,156,67
1,0,0,41,92,0,132,12
2,1,0,41,100,1,105,32
3,0,1,41,55,1,160,56
3,0,1,41,2,1,100,55
2,1,0,41,0,1,100,66
1,0,0,41,0,1,100,11
3,0,1,41,100,0,295,24
1,0,0,41,0,1,202,14
1,0,0,41,100,,301,48
2,1,0,41,90,,251,68
1,0,0,41,80,,156,46
3,0,1,41,0,,100,58
3,0,1,41,0,1,101,21
1,0,0,41,50,1,151,45
1,0,0,41,0,1,121,13
3,0,1,41,0,1,100,23
1,0,0,41,90,0,148,46
2,1,0,41,0,,,32
3,0,1,41,98,0,153,56
3,0,1,41,100,0,267,58
2,1,0,41,100,0,231,31
2,1,0,41,97,,151,65
3,0,1,41,80,0,142,22
1,0,0,41,80,,101,45
1,0,0,41,0,1,100,47
1,0,0,41,100,0,257,48
3,0,1,41,74,1,101,24
3,0,1,41,100,0,161,22
2,1,0,41,0,1,100,66
2,1,0,41,0,,121,68
2,1,0,41,0,,,33
3,0,1,41,0,,,55
3,0,1,41,99,0,226,21
2,1,0,41,95,0,157,31
1,0,0,41,60,,100,12
3,0,1,41,100,0,212,23
2,1,0,41,95,,162,67
2,1,0,41,99,,130,65
1,0,0,41,0,,,11
2,1,0,41,85,,161,34
1,0,0,41,0,1,151,47
1,0,0,42,0,1,233,12
3,0,1,42,100,0,204,55
1,0,0,42,0,1,101,13
2,1,0,42,0,,251,68
2,1,0,42,95,,186,34
2,1,0,42,100,0,100,32
2,1,0,42,0,1,192,65
2,1,0,42,0,,,33
3,0,1,42,100,0,241,56
3,0,1,42,100,0,164,58
2,1,0,42,0,,,33
1,0,0,42,65,,247,48
1,0,0,42,0,1,100,48
2,1,0,42,0,1,227,32
1,0,0,42,95,0,100,11
1,0,0,42,0,,100,13
3,0,1,42,100,0,146,21
1,0,0,42,0,,106,12
1,0,0,42,0,1,152,14
1,0,0,42,91,0,221,46
2,1,0,42,0,,,34
2,1,0,42,75,0,121,66
1,0,0,42,89,0,189,47
3,0,1,42,0,1,100,24
1,0,0,42,0,1,182,14
3,0,1,42,0,1,100,22
3,0,1,42,92,0,194,57
3,0,1,42,80,1,198,22
3,0,1,42,93,0,170,56
3,0,1,42,95,0,181,21
3,0,1,42,0,,,57
2,1,0,42,95,,198,31
3,0,1,42,10,1,100,55
2,1,0,42,100,,262,67
1,0,0,42,90,0,155,46
2,1,0,42,100,,230,67
3,0,1,42,100,0,214,24
1,0,0,42,100,,241,45
2,1,0,42,100,0,101,66
1,0,0,42,0,1,190,47
3,0,1,42,0,1,100,58
1,0,0,42,100,,201,45
1,0,0,42,0,,,11
2,1,0,42,0,1,199,65
3,0,1,42,100,0,160,23
2,1,0,42,0,1,100,68
3,0,1,42,100,0,163,23
2,1,0,42,96,,201,31
2,1,0,43,0,,,33
2,1,0,43,80,,101,32
3,0,1,43,87,1,251,56
1,0,0,43,91,0,143,12
2,1,0,43,0,1,100,68
2,1,0,43,100,0,167,31
2,1,0,43,100,0,210,67
2,1,0,43,92,,251,68
3,0,1,43,90,,151,55
3,0,1,43,100,0,206,57
1,0,0,43,1,1,100,11
2,1,0,43,100,,191,67
1,0,0,43,0,1,100,13
2,1,0,43,0,,,66
1,0,0,43,0,1,101,45
3,0,1,43,100,,147,23
2,1,0,43,98,1,241,31
2,1,0,43,0,1,151,65
3,0,1,43,100,0,151,56
2,1,0,43,90,0,100,33
3,0,1,43,0,,,58
3,0,1,43,95,1,256,24
1,0,0,43,100,,152,14
1,0,0,43,0,,,11
1,0,0,43,80,0,100,45
1,0,0,43,90,0,207,48
2,1,0,43,100,0,171,32
2,1,0,43,100,0,261,66
3,0,1,43,100,0,200,57
3,0,1,43,100,0,157,23
1,0,0,43,90,0,156,46
1,0,0,43,60,1,206,47
3,0,1,43,100,1,179,24
1,0,0,43,90,0,223,48
2,1,0,43,100,,121,65
3,0,1,43,40,1,101,22
3,0,1,43,100,0,121,21
2,1,0,43,100,,237,34
1,0,0,43,80,,182,47
1,0,0,43,0,1,100,13
3,0,1,43,99,0,261,58
3,0,1,43,0,,,55
1,0,0,43,0,,161,46
1,0,0,43,0,1,102,12
3,0,1,43,85,0,161,22
1,0,0,43,0,1,126,14
3,0,1,43,0,1,100,21
2,1,0,43,0,1,143,34
3,0,1,44,95,0,247,23
1,0,0,44,80,,101,45
1,0,0,44,85,0,171,14
1,0,0,44,0,,,46
2,1,0,44,100,,134,32
2,1,0,44,0,1,100,68
2,1,0,44,100,0,233,31
2,1,0,44,80,1,100,66
3,0,1,44,100,0,151,58
3,0,1,44,0,1,108,22
3,0,1,44,100,0,220,21
1,0,0,44,0,,100,13
3,0,1,44,100,0,164,55
3,0,1,44,80,0,100,56
2,1,0,44,0,1,131,65
2,1,0,44,100,0,281,67
1,0,0,44,50,,100,47
2,1,0,44,0,1,100,34
2,1,0,44,80,1,100,67
1,0,0,44,91,0,177,48
2,1,0,44,65,,173,68
2,1,0,44,98,0,199,31
1,0,0,44,100,0,190,13
3,0,1,44,0,1,254,22
1,0,0,44,92,0,167,48
1,0,0,44,0,1,103,12
3,0,1,44,99,0,100,58
3,0,1,44,100,0,235,57
3,0,1,44,100,0,267,24
1,0,0,44,80,0,137,12
1,0,0,44,0,,,11
2,1,0,44,0,,,33
2,1,0,44,76,1,100,34
3,0,1,44,85,0,148,57
3,0,1,44,80,0,100,24
3,0,1,44,100,0,103,21
3,0,1,44,87,1,187,56
1,0,0,44,0,,,11
1,0,0,44,0,,,45
2,1,0,44,80,0,114,33
1,0,0,44,0,1,163,46
1,0,0,44,80,0,171,47
3,0,1,44,0,1,103,23
3,0,1,44,90,1,131,55
1,0,0,44,0,,100,14
2,1,0,44,85,0,100,66
2,1,0,44,100,0,161,32
2,1,0,44,0,1,101,65
3,0,1,45,85,0,102,24
2,1,0,45,72,,100,34
1,0,0,45,0,,,13
3,0,1,45,55,,100,21
3,0,1,45,10,1,258,23
3,0,1,45,0,1,103,22
2,1,0,45,2,1,125,65
2,1,0,45,85,,112,68
1,0,0,45,50,1,167,45
1,0,0,45,70,1,103,46
1,0,0,45,50,1,211,45
1,0,0,45,0,1,165,14
1,0,0,45,0,,,13
1,0,0,45,0,1,151,14
2,1,0,45,99,1,111,66
3,0,1,45,0,,,58
3,0,1,45,90,0,191,21
1,0,0,45,90,0,201,46
2,1,0,45,100,0,181,32
3,0,1,45,70,0,101,22
2,1,0,45,100,,223,67
3,0,1,45,100,0,181,23
3,0,1,45,100,0,161,55
3,0,1,45,90,,181,56
1,0,0,45,0,,,47
3,0,1,45,0,1,100,55
3,0,1,45,0,,,57
1,0,0,45,0,,,11
2,1,0,45,0,,,66
2,1,0,45,0,1,151,33
3,0,1,45,50,1,100,24
1,0,0,45,92,0,147,12
2,1,0,45,100,0,111,67
1,0,0,45,98,0,101,12
2,1,0,45,50,1,151,34
2,1,0,45,88,1,161,31
3,0,1,45,100,,131,57
1,0,0,45,0,1,107,11
2,1,0,45,100,,146,32
3,0,1,45,1,1,100,56
2,1,0,45,100,0,201,33
1,0,0,45,100,0,209,48
2,1,0,45,95,0,151,65
3,0,1,45,10,1,131,58
1,0,0,45,0,1,200,48
2,1,0,45,20,1,177,68
1,0,0,45,50,,100,47
2,1,0,45,100,,277,31
2,1,0,46,0,1,164,65
3,0,1,46,0,1,133,22
2,1,0,46,94,1,254,31
3,0,1,46,92,0,132,24
3,0,1,46,0,1,213,23
1,0,0,46,70,,100,12
2,1,0,46,0,1,151,33
1,0,0,46,78,0,141,45
3,0,1,46,72,,172,55
3,0,1,46,80,0,111,21
2,1,0,46,72,,126,34
2,1,0,46,0,1,100,34
2,1,0,46,0,1,105,65
3,0,1,46,100,0,191,24
1,0,0,46,0,,,47
2,1,0,46,0,1,101,68
1,0,0,46,79,0,180,47
3,0,1,46,100,0,271,58
1,0,0,46,0,1,235,11
3,0,1,46,65,0,121,21
2,1,0,46,100,,142,67
3,0,1,46,100,0,103,23
3,0,1,46,87,1,157,56
2,1,0,46,0,,246,68
1,0,0,46,0,1,114,14
1,0,0,46,20,1,101,13
1,0,0,46,0,,,11
2,1,0,46,100,0,140,32
3,0,1,46,100,,104,55
2,1,0,46,100,0,213,32
3,0,1,46,85,0,102,22
2,1,0,46,100,0,112,67
1,0,0,46,0,1,100,45
1,0,0,46,0,,,13
1,0,0,46,0,,,14
1,0,0,46,80,0,121,46
2,1,0,46,0,,,33
3,0,1,46,0,1,181,56
3,0,1,46,0,1,181,57
3,0,1,46,50,1,111,58
2,1,0,46,98,,211,31
1,0,0,46,85,0,132,48
1,0,0,46,0,,,46
1,0,0,46,90,,245,48
1,0,0,46,0,1,202,12
3,0,1,46,90,,156,57
2,1,0,46,0,1,152,66
2,1,0,46,0,1,103,66
2,1,0,47,0,1,100,66
1,0,0,47,5,1,167,48
2,1,0,47,80,1,126,68
2,1,0,47,0,1,100,32
2,1,0,47,0,,178,65
3,0,1,47,100,0,103,21
3,0,1,47,95,0,152,24
1,0,0,47,80,0,101,12
2,1,0,47,0,,112,65
3,0,1,47,100,,231,56
2,1,0,47,100,0,113,33
3,0,1,47,95,0,180,22
2,1,0,47,100,0,181,67
1,0,0,47,0,,,11
1,0,0,47,0,,,14
3,0,1,47,0,,,55
2,1,0,47,0,1,100,32
1,0,0,47,50,,100,13
2,1,0,47,100,0,265,67
1,0,0,47,80,0,100,47
2,1,0,47,80,0,100,66
3,0,1,47,0,1,206,23
3,0,1,47,0,1,100,58
1,0,0,47,100,0,144,45
3,0,1,47,100,0,226,57
1,0,0,47,0,,,13
2,1,0,47,70,1,120,34
1,0,0,47,59,,100,12
2,1,0,47,95,,161,34
1,0,0,47,100,0,150,46
1,0,0,47,100,0,154,45
1,0,0,47,100,0,132,14
2,1,0,47,100,0,251,31
1,0,0,47,0,,,11
3,0,1,47,0,1,126,21
2,1,0,47,0,1,101,33
3,0,1,47,0,1,102,22
1,0,0,47,0,1,105,47
2,1,0,47,100,0,221,31
3,0,1,47,0,,,57
3,0,1,47,10,1,231,23
3,0,1,47,100,1,200,24
3,0,1,47,95,0,139,58
1,0,0,47,70,0,100,46
2,1,0,47,0,,,68
3,0,1,47,100,0,201,55
3,0,1,47,0,1,169,56
1,0,0,47,0,1,100,48
2,1,0,48,100,0,201,67
2,1,0,48,90,,134,33
3,0,1,48,100,,234,55
3,0,1,48,0,1,117,58
1,0,0,48,0,1,100,14
2,1,0,48,0,,,66
2,1,0,48,100,,156,32
3,0,1,48,100,0,167,58
3,0,1,48,0,1,191,22
2,1,0,48,0,1,246,65
3,0,1,48,0,,,57
1,0,0,48,0,,,11
1,0,0,48,0,,,11
2,1,0,48,0,1,136,32
1,0,0,48,0,,100,13
3,0,1,48,95,0,191,23
3,0,1,48,100,0,174,55
2,1,0,48,0,1,100,33
1,0,0,48,0,1,230,45
3,0,1,48,0,,,57
3,0,1,48,100,0,196,21
2,1,0,48,0,,171,34
2,1,0,48,80,,138,34
2,1,0,48,99,0,231,31
2,1,0,48,25,1,135,65
1,0,0,48,0,1,168,12
1,0,0,48,0,1,150,47
3,0,1,48,0,1,145,56
1,0,0,48,0,,157,14
3,0,1,48,0,,,21
2,1,0,48,1,1,100,68
1,0,0,48,88,0,176,48
3,0,1,48,95,1,196,24
1,0,0,48,0,1,191,46
1,0,0,48,0,,,45
1,0,0,48,65,0,131,47
3,0,1,48,86,,211,24
1,0,0,48,0,1,100,12
3,0,1,48,100,,202,23
1,0,0,48,75,0,100,46
2,1,0,48,90,,100,66
2,1,0,48,0,1,100,68
2,1,0,48,97,,269,67
3,0,1,48,0,1,100,22
3,0,1,48,100,0,166,56
1,0,0,48,99,0,141,13
1,0,0,48,100,,206,48
2,1,0,48,85,1,163,31
2,1,0,49,100,,142,32
3,0,1,49,0,1,100,58
2,1,0,49,0,1,100,68
3,0,1,49,100,0,180,56
2,1,0,49,100,,162,67
1,0,0,49,0,1,201,45
3,0,1,49,100,0,151,23
1,0,0,49,0,1,100,46
2,1,0,49,0,1,151,33
1,0,0,49,0,,,14
1,0,0,49,0,,,11
3,0,1,49,0,1,100,22
1,0,0,49,0,,,11
3,0,1,49,80,0,102,21
1,0,0,49,100,0,121,48
3,0,1,49,100,,123,55
1,0,0,49,0,1,190,14
1,0,0,49,72,,173,47
3,0,1,49,1,1,100,55
2,1,0,49,100,0,110,32
2,1,0,49,100,0,241,31
1,0,0,49,80,0,100,47
2,1,0,49,0,1,100,34
3,0,1,49,90,0,168,56
1,0,0,49,95,0,180,46
2,1,0,49,0,1,249,68
3,0,1,49,100,,194,57
3,0,1,49,0,1,201,24
3,0,1,49,50,0,100,22
2,1,0,49,0,1,256,34
1,0,0,49,100,,247,48
1,0,0,49,0,,,45
1,0,0,49,0,,,13
2,1,0,49,30,0,100,66
2,1,0,49,100,0,190,67
3,0,1,49,100,0,221,21
3,0,1,49,0,,,57
2,1,0,49,98,,196,31
3,0,1,49,100,0,261,24
3,0,1,49,0,1,226,23
3,0,1,49,100,0,100,58
1,0,0,49,90,0,101,12
2,1,0,49,0,,,33
1,0,0,49,0,1,110,12
2,1,0,49,0,1,100,65
2,1,0,49,0,1,112,65
2,1,0,49,0,1,121,66
1,0,0,49,0,,100,13
2,1,0,50,90,,101,33
3,0,1,50,0,,100,22
2,1,0,50,1,1,100,65
2,1,0,50,0,1,100,33
2,1,0,50,0,1,127,34
3,0,1,50,98,0,176,21
3,0,1,50,0,1,211,56
3,0,1,50,100,0,162,24
3,0,1,50,0,1,110,58
3,0,1,50,100,0,137,24
1,0,0,50,100,0,200,45
2,1,0,50,100,,192,67
3,0,1,50,100,0,146,57
3,0,1,50,100,,191,57
3,0,1,50,10,1,111,23
3,0,1,50,100,,161,55
1,0,0,50,0,1,141,47
2,1,0,50,100,,198,67
3,0,1,50,0,1,100,21
2,1,0,50,0,,,68
1,0,0,50,0,1,102,12
1,0,0,50,0,,,12
2,1,0,50,0,1,101,68
2,1,0,50,0,1,116,65
3,0,1,50,95,,151,23
1,0,0,50,100,,181,13
1,0,0,50,0,1,151,46
1,0,0,50,95,0,100,11
2,1,0,50,90,1,131,32
1,0,0,50,0,1,257,45
2,1,0,50,100,0,272,31
2,1,0,50,0,,,34
1,0,0,50,0,,190,48
3,0,1,50,95,0,131,22
2,1,0,50,0,,,66
2,1,0,50,90,0,146,31
1,0,0,50,51,,100,14
3,0,1,50,0,1,257,58
1,0,0,50,50,,102,47
1,0,0,50,0,,,13
1,0,0,50,0,,,14
2,1,0,50,0,1,101,32
2,1,0,50,0,,,66
1,0,0,50,0,,,11
1,0,0,50,85,0,252,48
3,0,1,50,100,,159,55
1,0,0,50,91,0,231,46
3,0,1,50,90,,261,56
