year,state,dtype,agegr,count,pop,age,legal,mrate
1970,1,all,18-20 yrs,292,189770,18.96999,0,153.87047
1971,1,all,18-20 yrs,316,195623,18.972181,0,161.5352
1972,1,all,18-20 yrs,320,200988,18.974701,0,159.21349
1973,1,all,18-20 yrs,291,206550,18.97023,0,140.88599
1974,1,all,18-20 yrs,306,213839,18.980139,0,143.09831
1975,1,all,18-20 yrs,326,220358,18.981335,.29399541,147.94107
1976,1,all,18-20 yrs,299,225486,18.9891,.66507012,132.60246
1977,1,all,18-20 yrs,332,227667,18.998507,.66846752,145.82703
1978,1,all,18-20 yrs,317,228472,18.995041,.66718459,138.74785
1979,1,all,18-20 yrs,309,228193,18.994711,.66809237,135.4117
1980,1,all,18-20 yrs,276,229794,19.002462,.67225862,120.10757
1981,1,all,18-20 yrs,242,228575,19.018663,.67920816,105.87334
1982,1,all,18-20 yrs,266,224838,19.015207,.67590886,118.3074
1983,1,all,18-20 yrs,283,220830,19.01705,.67963141,128.15288
1970,2,all,18-20 yrs,53,17798,19.147377,.2415109,297.78625
1971,2,all,18-20 yrs,47,18872,19.057652,.70008481,249.0462
1972,2,all,18-20 yrs,42,20860,19.068647,.7017737,201.34229
1973,2,all,18-20 yrs,51,22646,19.082354,.70670319,225.20534
1974,2,all,18-20 yrs,56,23430,19.086214,.70874947,239.00981
1975,2,all,18-20 yrs,60,25601,19.077536,.7029413,234.36584
1976,2,all,18-20 yrs,80,27064,19.079479,.70821017,295.59561
1977,2,all,18-20 yrs,70,26808,19.104408,.71833032,261.11609
1978,2,all,18-20 yrs,76,25774,19.113214,.72185147,294.87079
1979,2,all,18-20 yrs,65,19585,18.915854,.63992852,331.88666
1980,2,all,18-20 yrs,51,23291,19.044224,.69095361,218.9687
1981,2,all,18-20 yrs,49,24042,18.983736,.65934616,203.81
1982,2,all,18-20 yrs,56,25953,18.999075,.67741686,215.77467
1983,2,all,18-20 yrs,59,27808,19.051281,.69806993,212.16916
1970,4,all,18-20 yrs,178,96759,18.982018,0,183.96222
1971,4,all,18-20 yrs,218,105461,18.997042,0,206.71149
1972,4,all,18-20 yrs,220,113360,18.993376,.27738747,194.07198
1973,4,all,18-20 yrs,276,121437,18.99338,.66499501,227.27834
1974,4,all,18-20 yrs,277,128943,19.001745,.66773689,214.82361
1975,4,all,18-20 yrs,245,134398,18.993624,.66324645,182.29437
1976,4,all,18-20 yrs,235,139527,19.002207,.67162627,168.42618
1977,4,all,18-20 yrs,249,144142,19.020132,.67878205,172.74632
1978,4,all,18-20 yrs,278,147718,19.021717,.67937559,188.19643
1979,4,all,18-20 yrs,297,153888,19.019676,.67866242,192.9975
1980,4,all,18-20 yrs,248,159704,19.023581,.68303233,155.28728
1981,4,all,18-20 yrs,212,159406,19.032043,.684717,132.99374
1982,4,all,18-20 yrs,220,158750,19.024618,.68108976,138.58267
1983,4,all,18-20 yrs,197,158134,19.031719,.68719566,124.57789
1970,5,all,18-20 yrs,166,98829,18.949631,0,167.96689
1971,5,all,18-20 yrs,166,102027,18.975065,0,162.70203
1972,5,all,18-20 yrs,206,105761,18.973988,0,194.77879
1973,5,all,18-20 yrs,181,108007,18.961632,0,167.58173
1974,5,all,18-20 yrs,135,112858,18.979017,0,119.61935
1975,5,all,18-20 yrs,175,117492,18.97571,0,148.9463
1976,5,all,18-20 yrs,163,118556,18.981966,0,137.48776
1977,5,all,18-20 yrs,135,121047,18.992002,0,111.52692
1978,5,all,18-20 yrs,173,122197,18.990196,0,141.57468
1979,5,all,18-20 yrs,168,123179,18.989843,0,136.38689
1980,5,all,18-20 yrs,173,125804,18.991383,0,137.5155
1981,5,all,18-20 yrs,122,127239,18.997438,0,95.882553
1982,5,all,18-20 yrs,156,127345,19.000957,0,122.50186
1983,5,all,18-20 yrs,139,126123,19.02014,0,110.20988
1970,6,all,18-20 yrs,1661,1067922,19.005005,0,155.53571
1971,6,all,18-20 yrs,1615,1127057,18.996286,0,143.29355
1972,6,all,18-20 yrs,1748,1168339,19.001753,0,149.61411
1973,6,all,18-20 yrs,1688,1207953,19.017012,0,139.74054
1974,6,all,18-20 yrs,1631,1230473,19.017159,0,132.55066
1975,6,all,18-20 yrs,1641,1263879,19.008333,0,129.83838
1976,6,all,18-20 yrs,1641,1296096,19.015434,0,126.61099
1977,6,all,18-20 yrs,1801,1318737,19.030666,0,136.57007
1978,6,all,18-20 yrs,1806,1332480,19.029856,0,135.53674
1979,6,all,18-20 yrs,1893,1354455,19.021545,0,139.76102
1980,6,all,18-20 yrs,1892,1366049,19.025145,0,138.50162
1981,6,all,18-20 yrs,1656,1368730,19.031979,0,120.98807
1982,6,all,18-20 yrs,1486,1358902,19.034954,0,109.35299
1983,6,all,18-20 yrs,1369,1340831,19.049372,0,102.10086
1970,8,all,18-20 yrs,207,131830,18.999325,1,157.0204
1971,8,all,18-20 yrs,181,139867,19.003761,1,129.40865
1972,8,all,18-20 yrs,242,149614,19.006123,1,161.74957
1973,8,all,18-20 yrs,229,158029,19.014706,1,144.91011
1974,8,all,18-20 yrs,213,161336,19.015867,1,132.02261
1975,8,all,18-20 yrs,209,165031,19.006029,1,126.64288
1976,8,all,18-20 yrs,218,168889,19.013998,1,129.07886
1977,8,all,18-20 yrs,204,171776,19.024572,1,118.75932
1978,8,all,18-20 yrs,236,173784,19.024525,1,135.80077
1979,8,all,18-20 yrs,244,177454,19.018427,1,137.50043
1980,8,all,18-20 yrs,206,175322,19.028399,1,117.49809
1981,8,all,18-20 yrs,217,172359,19.045296,1,125.90001
1982,8,all,18-20 yrs,204,168001,19.038834,1,121.42785
1983,8,all,18-20 yrs,180,162919,19.040394,1,110.48435
1970,9,all,18-20 yrs,135,142939,18.969988,0,94.445885
1971,9,all,18-20 yrs,150,150696,18.968361,0,99.538139
1972,9,all,18-20 yrs,112,156438,18.982735,.25205478,71.593857
1973,9,all,18-20 yrs,177,159831,18.986624,1,110.74197
1974,9,all,18-20 yrs,139,162466,18.991278,1,85.556366
1975,9,all,18-20 yrs,172,166202,18.987263,1,103.48853
1976,9,all,18-20 yrs,143,168736,18.986826,1,84.747772
1977,9,all,18-20 yrs,154,170196,18.999723,1,90.48391
1978,9,all,18-20 yrs,177,168917,19.012669,1,104.78519
1979,9,all,18-20 yrs,207,168046,19.003689,1,123.18056
1980,9,all,18-20 yrs,189,169024,18.994598,1,111.81844
1981,9,all,18-20 yrs,170,172858,18.996569,1,98.346619
1982,9,all,18-20 yrs,171,174684,18.997889,.83338904,97.891052
1983,9,all,18-20 yrs,135,175302,19.016018,.67959863,77.009956
1970,10,all,18-20 yrs,36,28478,18.952875,0,126.41337
1971,10,all,18-20 yrs,28,31708,18.962597,0,88.305794
1972,10,all,18-20 yrs,40,34272,18.980713,.16134389,116.71335
1973,10,all,18-20 yrs,45,35792,18.988741,.32588288,125.72642
1974,10,all,18-20 yrs,35,36996,18.989458,.32573792,94.60482
1975,10,all,18-20 yrs,35,38429,18.983215,.3236618,91.077049
1976,10,all,18-20 yrs,48,39317,18.990971,.32357505,122.08459
1977,10,all,18-20 yrs,32,39451,19.001825,.33188006,81.113281
1978,10,all,18-20 yrs,51,39200,19.00602,.33196428,130.10204
1979,10,all,18-20 yrs,29,38894,18.997892,.33138788,74.56163
1980,10,all,18-20 yrs,48,37602,19.008139,.33141854,127.65279
1981,10,all,18-20 yrs,35,37069,19.03882,.34862015,94.418518
1982,10,all,18-20 yrs,45,36025,19.034115,.3490909,124.91325
1983,10,all,18-20 yrs,23,35183,19.035841,.34485406,65.372482
1970,11,all,18-20 yrs,100,46360,19.048857,1,215.70319
1971,11,all,18-20 yrs,95,44698,19.052753,1,212.53748
1972,11,all,18-20 yrs,96,44661,19.025951,1,214.95264
1973,11,all,18-20 yrs,69,44998,19.010801,1,153.34015
1974,11,all,18-20 yrs,58,45126,19.006824,1,128.52901
1975,11,all,18-20 yrs,70,45582,19.002041,1,153.5694
1976,11,all,18-20 yrs,50,45960,18.998672,1,108.79025
1977,11,all,18-20 yrs,65,45605,18.997763,1,142.52823
1978,11,all,18-20 yrs,37,45461,18.995205,1,81.388443
1979,11,all,18-20 yrs,50,44710,18.995617,1,111.8318
1980,11,all,18-20 yrs,42,40707,19.04385,1,103.17636
1981,11,all,18-20 yrs,63,38635,19.107622,1,163.06458
1982,11,all,18-20 yrs,43,35701,19.080475,1,120.44481
1983,11,all,18-20 yrs,58,33770,19.054575,1,171.75008
1970,12,all,18-20 yrs,493,323676,18.981676,0,152.31281
1971,12,all,18-20 yrs,510,345911,18.989265,0,147.43677
1972,12,all,18-20 yrs,638,370912,18.988604,0,172.00845
1973,12,all,18-20 yrs,672,396593,18.984562,.50410956,169.44324
1974,12,all,18-20 yrs,688,426586,18.993891,1,161.28049
1975,12,all,18-20 yrs,630,443600,18.991884,1,142.01984
1976,12,all,18-20 yrs,550,453381,18.99921,1,121.31078
1977,12,all,18-20 yrs,598,460795,19.01095,1,129.77571
1978,12,all,18-20 yrs,622,465321,19.010368,1,133.67116
1979,12,all,18-20 yrs,741,476701,19.008633,1,155.44334
1980,12,all,18-20 yrs,805,498326,19.009193,.91914165,161.54083
1981,12,all,18-20 yrs,758,513419,19.013994,.67523211,147.6377
1982,12,all,18-20 yrs,694,519319,19.01194,.67583317,133.63655
1983,12,all,18-20 yrs,606,522805,19.028633,.68552709,115.9132
1970,13,all,18-20 yrs,458,260127,19.005751,0,176.06784
1971,13,all,18-20 yrs,471,269580,18.984446,0,174.71623
1972,13,all,18-20 yrs,538,280212,18.983959,.50410956,191.99748
1973,13,all,18-20 yrs,450,291705,18.988787,1,154.26544
1974,13,all,18-20 yrs,482,300027,18.992973,1,160.65221
1975,13,all,18-20 yrs,400,306942,18.990034,1,130.31778
1976,13,all,18-20 yrs,395,313648,18.99687,1,125.93736
1977,13,all,18-20 yrs,431,317728,19.002586,1,135.65062
1978,13,all,18-20 yrs,411,318453,18.998068,1,129.06143
1979,13,all,18-20 yrs,428,322393,18.996742,1,132.75722
1980,13,all,18-20 yrs,454,323668,19.002296,.89153111,140.26718
1981,13,all,18-20 yrs,422,326753,19.015005,.67715061,129.14954
1982,13,all,18-20 yrs,324,326647,19.015841,.67744994,99.189644
1983,13,all,18-20 yrs,331,324875,19.023304,.68257636,101.88534
1970,15,all,18-20 yrs,48,44468,19.067284,0,107.94279
1971,15,all,18-20 yrs,65,48760,19.044832,0,133.30598
1972,15,all,18-20 yrs,44,52993,19.061216,.83835614,83.029831
1973,15,all,18-20 yrs,61,57509,19.07291,1,106.07035
1974,15,all,18-20 yrs,50,58496,19.067337,1,85.475929
1975,15,all,18-20 yrs,51,59947,19.071814,1,85.07515
1976,15,all,18-20 yrs,72,60607,19.08489,1,118.79816
1977,15,all,18-20 yrs,61,60010,19.091768,1,101.64973
1978,15,all,18-20 yrs,60,59671,19.100283,1,100.55135
1979,15,all,18-20 yrs,84,59557,19.109962,1,141.04135
1980,15,all,18-20 yrs,66,58149,19.070286,1,113.50152
1981,15,all,18-20 yrs,67,56428,19.027132,1,118.73538
1982,15,all,18-20 yrs,65,55739,19.02702,1,116.61494
1983,15,all,18-20 yrs,50,55916,19.06422,1,89.419846
1970,16,all,18-20 yrs,66,38979,18.928089,.30331716,169.32195
1971,16,all,18-20 yrs,72,42159,18.935387,.29858392,170.78204
1972,16,all,18-20 yrs,78,45312,18.950697,.47672307,172.13983
1973,16,all,18-20 yrs,93,46651,18.960493,.65027547,199.35265
1974,16,all,18-20 yrs,68,48531,18.974407,.65479797,140.11662
1975,16,all,18-20 yrs,70,49655,18.970516,.65290505,140.97272
1976,16,all,18-20 yrs,85,50845,18.974825,.65674108,167.17474
1977,16,all,18-20 yrs,96,51814,18.980062,.65845138,185.27811
1978,16,all,18-20 yrs,75,52964,18.976984,.65716338,141.60562
1979,16,all,18-20 yrs,90,53777,18.973186,.65559626,167.35779
1980,16,all,18-20 yrs,78,54438,18.995022,.66977113,143.28227
1981,16,all,18-20 yrs,82,54051,19.022533,.68237406,151.70857
1982,16,all,18-20 yrs,40,52051,19.02536,.68127412,76.84771
1983,16,all,18-20 yrs,70,49818,19.023165,.68190211,140.51146
1970,17,all,18-20 yrs,751,561631,18.959393,0,133.7177
1971,17,all,18-20 yrs,767,586726,18.986282,0,130.72542
1972,17,all,18-20 yrs,694,600403,18.992748,0,115.58903
1973,17,all,18-20 yrs,877,608839,18.988617,.16642416,144.04465
1974,17,all,18-20 yrs,827,621288,18.993389,.66378719,133.11057
1975,17,all,18-20 yrs,837,637355,18.988091,.65890592,131.32399
1976,17,all,18-20 yrs,809,650918,18.989544,.66345376,124.28601
1977,17,all,18-20 yrs,860,661069,19.003851,.66943389,130.09232
1978,17,all,18-20 yrs,879,660531,19.007322,.67110097,133.07475
1979,17,all,18-20 yrs,789,659042,19.002548,.66772074,119.71923
1980,17,all,18-20 yrs,717,652692,19.007263,0,109.85273
1981,17,all,18-20 yrs,686,645606,19.016411,0,106.25676
1982,17,all,18-20 yrs,640,629544,19.019865,0,101.66088
1983,17,all,18-20 yrs,556,609238,19.028463,0,91.261543
1970,18,all,18-20 yrs,382,281817,18.957695,0,135.54895
1971,18,all,18-20 yrs,397,293825,18.969986,0,135.11444
1972,18,all,18-20 yrs,342,304902,18.984093,0,112.16719
1973,18,all,18-20 yrs,428,310580,18.988579,0,137.80669
1974,18,all,18-20 yrs,354,316079,18.997066,0,111.99731
1975,18,all,18-20 yrs,368,320335,18.987923,0,114.87974
1976,18,all,18-20 yrs,385,324431,18.987862,0,118.6693
1977,18,all,18-20 yrs,408,329260,19.003973,0,123.91423
1978,18,all,18-20 yrs,390,329699,19.006798,0,118.28971
1979,18,all,18-20 yrs,384,331034,18.997478,0,116.00017
1980,18,all,18-20 yrs,331,325012,19.00868,0,101.84239
1981,18,all,18-20 yrs,302,318064,19.027164,0,94.949448
1982,18,all,18-20 yrs,306,309365,19.017494,0,98.912285
1983,18,all,18-20 yrs,315,299907,19.023111,0,105.03256
1970,19,all,18-20 yrs,219,150575,18.930428,0,145.44247
1971,19,all,18-20 yrs,195,155910,18.974665,0,125.07216
1972,19,all,18-20 yrs,206,157171,18.987026,.4960146,131.06743
1973,19,all,18-20 yrs,191,156484,18.978361,.82981455,122.05721
1974,19,all,18-20 yrs,232,159176,18.983093,1,145.75061
1975,19,all,18-20 yrs,225,162791,18.979305,1,138.21404
1976,19,all,18-20 yrs,229,166809,18.983873,1,137.28276
1977,19,all,18-20 yrs,188,169333,18.994295,1,111.02384
1978,19,all,18-20 yrs,195,170753,18.995186,.9573912,114.20004
1979,19,all,18-20 yrs,194,172121,18.992331,.70684743,112.7114
1980,19,all,18-20 yrs,213,172858,19.007914,.67590159,123.22253
1981,19,all,18-20 yrs,180,168590,19.031448,.68563974,106.7679
1982,19,all,18-20 yrs,127,161446,19.027346,.68182552,78.66407
1983,19,all,18-20 yrs,159,153998,19.029612,.68652838,103.24809
1970,20,all,18-20 yrs,190,127923,18.984819,1,148.52686
1971,20,all,18-20 yrs,186,131559,18.98929,1,141.38144
1972,20,all,18-20 yrs,182,136067,18.991783,1,133.75763
1973,20,all,18-20 yrs,184,139256,18.996941,1,132.13075
1974,20,all,18-20 yrs,158,140132,19.00827,1,112.75083
1975,20,all,18-20 yrs,155,141594,19.004181,1,109.46792
1976,20,all,18-20 yrs,165,143259,19.005228,1,115.17601
1977,20,all,18-20 yrs,203,144571,19.019728,1,140.41544
1978,20,all,18-20 yrs,184,144245,19.018927,1,127.56075
1979,20,all,18-20 yrs,190,144932,19.011654,1,131.09596
1980,20,all,18-20 yrs,188,142146,19.0317,1,132.25838
1981,20,all,18-20 yrs,167,137921,19.048056,1,121.08381
1982,20,all,18-20 yrs,136,132108,19.041534,1,102.94608
1983,20,all,18-20 yrs,144,126871,19.051241,1,113.50111
1970,21,all,18-20 yrs,273,186231,18.982231,0,146.59213
1971,21,all,18-20 yrs,251,192080,19.00794,0,130.67471
1972,21,all,18-20 yrs,264,190349,18.987827,0,138.69261
1973,21,all,18-20 yrs,277,194349,18.982954,0,142.5271
1974,21,all,18-20 yrs,248,200733,18.990784,0,123.5472
1975,21,all,18-20 yrs,271,206479,18.987244,0,131.24821
1976,21,all,18-20 yrs,275,212990,18.98922,0,129.11404
1977,21,all,18-20 yrs,288,216016,19.001625,0,133.32346
1978,21,all,18-20 yrs,290,216465,19.001387,0,133.97086
1979,21,all,18-20 yrs,277,217118,18.999626,0,127.58039
1980,21,all,18-20 yrs,293,218133,19.00695,0,134.32172
1981,21,all,18-20 yrs,258,216214,19.018162,0,119.32623
1982,21,all,18-20 yrs,220,212521,19.021875,0,103.51918
1983,21,all,18-20 yrs,239,207661,19.02964,0,115.09142
1970,22,all,18-20 yrs,341,213507,18.974216,1,159.71373
1971,22,all,18-20 yrs,314,219656,18.996777,1,142.95079
1972,22,all,18-20 yrs,336,222241,18.985264,1,151.18723
1973,22,all,18-20 yrs,401,226482,18.972355,1,177.05602
1974,22,all,18-20 yrs,358,233788,18.987463,1,153.13019
1975,22,all,18-20 yrs,373,243291,18.991081,1,153.31435
1976,22,all,18-20 yrs,367,246382,18.991911,1,148.95569
1977,22,all,18-20 yrs,408,252446,19.001097,1,161.61873
1978,22,all,18-20 yrs,427,256013,18.99859,1,166.78841
1979,22,all,18-20 yrs,416,259911,19.003151,1,160.05479
1980,22,all,18-20 yrs,421,263840,19.012678,1,159.56641
1981,22,all,18-20 yrs,393,263130,19.024603,1,149.35583
1982,22,all,18-20 yrs,353,261874,19.017447,1,134.79765
1983,22,all,18-20 yrs,353,257854,19.015982,1,136.89917
1970,23,all,18-20 yrs,75,52812,18.969704,.32286224,142.01318
1971,23,all,18-20 yrs,61,54278,18.967924,.31618702,112.38439
1972,23,all,18-20 yrs,80,56349,18.969919,.71818072,141.97235
1973,23,all,18-20 yrs,79,57624,18.97258,1,137.09566
1974,23,all,18-20 yrs,82,58840,18.984892,1,139.36098
1975,23,all,18-20 yrs,76,60323,18.975067,1,125.98843
1976,23,all,18-20 yrs,70,61987,18.970816,1,112.9269
1977,23,all,18-20 yrs,83,63633,18.983814,.86467397,130.43547
1978,23,all,18-20 yrs,91,63641,18.991106,.3268019,142.98958
1979,23,all,18-20 yrs,77,63871,18.984093,.32573467,120.5555
1980,23,all,18-20 yrs,96,64012,18.990751,.32457978,149.97188
1981,23,all,18-20 yrs,75,64725,19.002687,.33144844,115.87486
1982,23,all,18-20 yrs,57,63895,19.010361,.33484623,89.208855
1983,23,all,18-20 yrs,63,62693,19.020401,.33973491,100.48969
1970,24,all,18-20 yrs,258,198205,18.981934,0,130.16826
1971,24,all,18-20 yrs,291,214695,18.980204,0,135.54112
1972,24,all,18-20 yrs,286,224533,18.984568,0,127.37549
1973,24,all,18-20 yrs,306,232895,18.995375,0,131.38968
1974,24,all,18-20 yrs,330,236828,19.000824,.50410956,139.34163
1975,24,all,18-20 yrs,268,241210,18.99338,1,111.10651
1976,24,all,18-20 yrs,276,244601,18.992849,1,112.83682
1977,24,all,18-20 yrs,276,246096,19.008167,1,112.15135
1978,24,all,18-20 yrs,285,243407,19.014769,1,117.08784
1979,24,all,18-20 yrs,243,241050,19.007174,1,100.80896
1980,24,all,18-20 yrs,281,240174,19.001999,1,116.99851
1981,24,all,18-20 yrs,284,242688,18.997524,1,117.02268
1982,24,all,18-20 yrs,252,244012,18.999147,.95785904,103.27361
1983,24,all,18-20 yrs,220,243588,19.020948,.67795056,90.316437
1970,25,all,18-20 yrs,298,305591,18.979944,0,97.515961
1971,25,all,18-20 yrs,361,314630,18.993542,0,114.73795
1972,25,all,18-20 yrs,356,321488,18.994595,0,110.73508
1973,25,all,18-20 yrs,399,328926,18.995249,.83835614,121.30388
1974,25,all,18-20 yrs,364,334918,18.995674,1,108.68332
1975,25,all,18-20 yrs,328,342141,18.989496,1,95.866905
1976,25,all,18-20 yrs,331,348371,18.990992,1,95.013649
1977,25,all,18-20 yrs,309,352660,19.003326,1,87.619804
1978,25,all,18-20 yrs,330,351749,19.010607,1,93.816895
1979,25,all,18-20 yrs,368,352878,19.002153,.52463573,104.28533
1980,25,all,18-20 yrs,303,345779,19.013096,.33402261,87.628227
1981,25,all,18-20 yrs,294,341387,19.040442,.3502799,86.11927
1982,25,all,18-20 yrs,258,332451,19.029671,.3477926,77.605423
1983,25,all,18-20 yrs,256,326954,19.023108,.33995914,78.298477
1970,26,all,18-20 yrs,635,476588,18.947208,0,133.23877
1971,26,all,18-20 yrs,657,503159,18.971901,0,130.57503
1972,26,all,18-20 yrs,798,520287,18.981861,1,153.37689
1973,26,all,18-20 yrs,826,531811,18.984644,1,155.31834
1974,26,all,18-20 yrs,766,543737,18.991699,1,140.87694
1975,26,all,18-20 yrs,764,553499,18.984602,1,138.03096
1976,26,all,18-20 yrs,737,561056,18.990044,1,131.35944
1977,26,all,18-20 yrs,713,564797,19.008215,1,126.24004
1978,26,all,18-20 yrs,674,557771,19.014748,.969863,120.83812
1979,26,all,18-20 yrs,570,554076,19.005581,0,102.87398
1980,26,all,18-20 yrs,535,543470,19.006941,0,98.441498
1981,26,all,18-20 yrs,480,530656,19.01314,0,90.454079
1982,26,all,18-20 yrs,497,515521,19.007797,0,96.407326
1983,26,all,18-20 yrs,476,498427,19.01792,0,95.500443
1970,27,all,18-20 yrs,259,203827,18.938429,0,127.06854
1971,27,all,18-20 yrs,295,216827,18.961531,0,136.05316
1972,27,all,18-20 yrs,264,223956,18.981714,0,117.88029
1973,27,all,18-20 yrs,297,227035,18.988878,.58630139,130.81683
1974,27,all,18-20 yrs,294,229500,18.996557,1,128.10457
1975,27,all,18-20 yrs,295,233598,18.985806,1,126.28532
1976,27,all,18-20 yrs,299,238407,18.983133,.9809041,125.41578
1977,27,all,18-20 yrs,290,243001,18.993757,.73970717,119.34107
1978,27,all,18-20 yrs,331,244719,18.995167,.66628253,135.25717
1979,27,all,18-20 yrs,327,247917,18.992424,.66429085,131.89899
1980,27,all,18-20 yrs,279,246670,19.008097,.67593139,113.10658
1981,27,all,18-20 yrs,240,243670,19.021065,.67914391,98.493866
1982,27,all,18-20 yrs,191,235719,19.02355,.68179482,81.028679
1983,27,all,18-20 yrs,193,225481,19.035599,.68798703,85.594795
1970,28,all,18-20 yrs,214,130240,18.963337,1,164.31204
1971,28,all,18-20 yrs,221,133651,18.998571,1,165.35603
1972,28,all,18-20 yrs,224,136379,18.9851,1,164.24817
1973,28,all,18-20 yrs,252,141593,18.961121,1,177.9749
1974,28,all,18-20 yrs,202,146051,18.972702,1,138.30785
1975,28,all,18-20 yrs,186,149862,18.97904,1,124.11418
1976,28,all,18-20 yrs,201,151995,18.983553,1,132.2412
1977,28,all,18-20 yrs,216,153372,18.990742,1,140.83405
1978,28,all,18-20 yrs,228,154134,18.986195,1,147.92323
1979,28,all,18-20 yrs,201,153684,18.989933,1,130.78786
1980,28,all,18-20 yrs,230,156958,18.994558,1,146.53601
1981,28,all,18-20 yrs,215,158356,19.011202,1,135.77003
1982,28,all,18-20 yrs,195,157378,19.015657,1,123.9055
1983,28,all,18-20 yrs,192,154465,19.016132,1,124.3
1970,29,all,18-20 yrs,394,243679,18.960863,0,161.68813
1971,29,all,18-20 yrs,341,253868,18.983932,0,134.32178
1972,29,all,18-20 yrs,358,257658,18.977549,0,138.94388
1973,29,all,18-20 yrs,396,263951,18.97723,0,150.02785
1974,29,all,18-20 yrs,325,271941,18.985464,0,119.51122
1975,29,all,18-20 yrs,384,277456,18.980808,0,138.40033
1976,29,all,18-20 yrs,386,283067,18.985466,0,136.36348
1977,29,all,18-20 yrs,374,285150,18.994196,0,131.15904
1978,29,all,18-20 yrs,386,284946,18.99095,0,135.46426
1979,29,all,18-20 yrs,406,286471,18.98731,0,141.72464
1980,29,all,18-20 yrs,413,283663,19.001015,0,145.59531
1981,29,all,18-20 yrs,300,281077,19.021677,0,106.73232
1982,29,all,18-20 yrs,305,272358,19.025324,0,111.98496
1983,29,all,18-20 yrs,262,262352,19.029442,0,99.865829
1970,30,all,18-20 yrs,75,36455,18.94042,0,205.73309
1971,30,all,18-20 yrs,74,38765,18.958055,0,190.89384
1972,30,all,18-20 yrs,82,39933,18.975208,0,205.34395
1973,30,all,18-20 yrs,72,40612,18.972767,.50410956,177.28751
1974,30,all,18-20 yrs,103,41513,18.983475,1,248.11505
1975,30,all,18-20 yrs,93,42796,18.975956,1,217.31003
1976,30,all,18-20 yrs,94,43765,18.979389,1,214.78351
1977,30,all,18-20 yrs,92,44645,19.001255,1,206.07011
1978,30,all,18-20 yrs,80,45106,19.004877,1,177.36
1979,30,all,18-20 yrs,89,44864,19.002808,.66804117,198.37732
1980,30,all,18-20 yrs,112,45088,19.003128,.67079931,248.40312
1981,30,all,18-20 yrs,98,44864,18.998329,.66788518,218.43794
1982,30,all,18-20 yrs,78,44229,19.008614,.67534876,176.35487
1983,30,all,18-20 yrs,64,42684,19.032049,.6863696,149.93909
1970,31,all,18-20 yrs,126,81998,18.961256,.31476378,153.66228
1971,31,all,18-20 yrs,115,84763,18.990396,.32733622,135.67241
1972,31,all,18-20 yrs,112,86413,18.99411,.5257138,129.61012
1973,31,all,18-20 yrs,103,87353,18.992559,.66471672,117.91238
1974,31,all,18-20 yrs,121,89159,18.996803,.66563106,135.7126
1975,31,all,18-20 yrs,149,90715,18.99268,.66426718,164.25067
1976,31,all,18-20 yrs,104,91926,19.000925,.67083305,113.13448
1977,31,all,18-20 yrs,123,92888,19.005663,.67096937,132.41754
1978,31,all,18-20 yrs,103,92797,19.004148,.67242473,110.99496
1979,31,all,18-20 yrs,96,93592,19.003195,.67036712,102.57287
1980,31,all,18-20 yrs,112,92686,19.013012,.52303416,120.8381
1981,31,all,18-20 yrs,116,90807,19.032112,.34682348,127.74345
1982,31,all,18-20 yrs,81,87319,19.029341,.34586975,92.763313
1983,31,all,18-20 yrs,79,83320,19.039259,.34818771,94.81517
1970,32,all,18-20 yrs,58,21514,19.006275,0,269.59189
1971,32,all,18-20 yrs,62,24221,18.998018,0,255.97621
1972,32,all,18-20 yrs,80,27201,19.00989,0,294.10684
1973,32,all,18-20 yrs,75,28873,19.017075,0,259.75824
1974,32,all,18-20 yrs,78,30996,19.029682,0,251.64537
1975,32,all,18-20 yrs,56,32803,19.022375,0,170.71609
1976,32,all,18-20 yrs,81,34861,19.030951,0,232.35133
1977,32,all,18-20 yrs,85,36841,19.053799,0,230.72121
1978,32,all,18-20 yrs,72,38512,19.057903,0,186.95471
1979,32,all,18-20 yrs,93,40783,19.047569,0,228.03619
1980,32,all,18-20 yrs,94,43053,19.024017,0,218.33554
1981,32,all,18-20 yrs,89,44378,19.005407,0,200.54982
1982,32,all,18-20 yrs,83,45239,19.006344,0,183.47002
1983,32,all,18-20 yrs,74,45161,19.041695,0,163.8582
1970,33,all,18-20 yrs,45,40180,18.97093,0,111.99602
1971,33,all,18-20 yrs,61,40655,19.011978,0,150.04305
1972,33,all,18-20 yrs,48,41171,19.005976,0,116.58692
1973,33,all,18-20 yrs,48,42079,18.980347,.58630139,114.07115
1974,33,all,18-20 yrs,66,44189,18.984226,1,149.35844
1975,33,all,18-20 yrs,44,46218,18.976374,1,95.201004
1976,33,all,18-20 yrs,56,48202,18.982719,1,116.17775
1977,33,all,18-20 yrs,69,50655,18.995735,1,136.21558
1978,33,all,18-20 yrs,51,52320,18.994896,1,97.477066
1979,33,all,18-20 yrs,54,54082,18.991199,.58923107,99.848381
1980,33,all,18-20 yrs,62,54731,19.008112,.32997751,113.28132
1981,33,all,18-20 yrs,63,53727,19.046661,.35449588,117.25948
1982,33,all,18-20 yrs,53,51970,19.024841,.34795073,101.98191
1983,33,all,18-20 yrs,56,51212,19.011833,.33515581,109.34937
1970,34,all,18-20 yrs,330,322957,18.96699,0,102.18079
1971,34,all,18-20 yrs,405,346116,18.971067,0,117.01279
1972,34,all,18-20 yrs,368,356780,18.98008,0,103.1448
1973,34,all,18-20 yrs,430,361033,18.981323,1,119.10268
1974,34,all,18-20 yrs,427,365441,18.985926,1,116.84512
1975,34,all,18-20 yrs,424,372021,18.980173,1,113.97206
1976,34,all,18-20 yrs,375,377849,18.982311,1,99.245995
1977,34,all,18-20 yrs,391,380597,18.997292,1,102.73334
1978,34,all,18-20 yrs,349,377580,19.0049,1,92.43074
1979,34,all,18-20 yrs,392,377821,18.999146,1,103.75284
1980,34,all,18-20 yrs,402,385532,18.986185,.82999784,104.2715
1981,34,all,18-20 yrs,360,397438,18.982183,.65952426,90.58017
1982,34,all,18-20 yrs,317,403931,18.993734,.6682874,78.478752
1983,34,all,18-20 yrs,293,402264,19.018057,.50856215,72.837738
1970,35,all,18-20 yrs,118,55387,18.960478,0,213.04639
1971,35,all,18-20 yrs,146,60360,18.953413,0,241.88203
1972,35,all,18-20 yrs,120,64226,18.965466,0,186.84023
1973,35,all,18-20 yrs,158,67565,18.978376,0,233.84889
1974,35,all,18-20 yrs,160,69090,18.984818,0,231.582
1975,35,all,18-20 yrs,147,71584,18.97818,0,205.35315
1976,35,all,18-20 yrs,113,73623,18.984583,0,153.48465
1977,35,all,18-20 yrs,151,74960,18.997305,0,201.44077
1978,35,all,18-20 yrs,152,75387,18.989666,0,201.62628
1979,35,all,18-20 yrs,165,78175,18.989216,0,211.06491
1980,35,all,18-20 yrs,165,79220,18.999697,0,208.28073
1981,35,all,18-20 yrs,145,80342,18.998966,0,180.47845
1982,35,all,18-20 yrs,149,80739,19.004967,0,184.54526
1983,35,all,18-20 yrs,123,80207,19.028639,0,153.3532
1970,36,all,18-20 yrs,1205,886289,18.975348,1,135.96016
1971,36,all,18-20 yrs,1315,912868,18.986723,1,144.0515
1972,36,all,18-20 yrs,1292,925101,18.992117,1,139.66043
1973,36,all,18-20 yrs,1239,928442,18.989464,1,133.44937
1974,36,all,18-20 yrs,1154,937282,18.991844,1,123.12196
1975,36,all,18-20 yrs,1071,954275,18.987728,1,112.2318
1976,36,all,18-20 yrs,987,966259,18.988428,1,102.14652
1977,36,all,18-20 yrs,1064,970274,18.998148,1,109.65974
1978,36,all,18-20 yrs,1021,961465,19.002703,1,106.19212
1979,36,all,18-20 yrs,1047,959533,18.997898,1,109.11558
1980,36,all,18-20 yrs,1065,954593,18.999537,1,111.56587
1981,36,all,18-20 yrs,999,960633,19.007622,1,103.99393
1982,36,all,18-20 yrs,920,960020,19.007126,.97491151,95.831337
1983,36,all,18-20 yrs,894,956589,19.018017,.67976946,93.457062
1970,37,all,18-20 yrs,472,319497,18.996059,1,147.73222
1971,37,all,18-20 yrs,503,326326,19.009634,1,154.14034
1972,37,all,18-20 yrs,502,332761,19.00724,1,150.85902
1973,37,all,18-20 yrs,525,339943,19.004822,1,154.43765
1974,37,all,18-20 yrs,479,347822,19.007055,1,137.71411
1975,37,all,18-20 yrs,476,355609,19.003656,1,133.85487
1976,37,all,18-20 yrs,503,359208,19.011862,1,140.03029
1977,37,all,18-20 yrs,454,361820,19.019802,1,125.47675
1978,37,all,18-20 yrs,468,363652,19.015102,1,128.69447
1979,37,all,18-20 yrs,442,364561,19.014732,1,121.24171
1980,37,all,18-20 yrs,477,366378,19.025978,1,130.19341
1981,37,all,18-20 yrs,432,359303,19.046333,1,120.23278
1982,37,all,18-20 yrs,381,349426,19.036171,1,109.03596
1983,37,all,18-20 yrs,320,342898,19.037798,.92218155,93.322212
1970,38,all,18-20 yrs,51,35662,18.958078,0,143.00937
1971,38,all,18-20 yrs,51,37520,18.988407,0,135.92751
1972,38,all,18-20 yrs,72,38354,19.002607,0,187.72488
1973,38,all,18-20 yrs,59,38887,18.988531,0,151.72165
1974,38,all,18-20 yrs,51,39832,18.992369,0,128.03777
1975,38,all,18-20 yrs,66,40901,19.002029,0,161.36525
1976,38,all,18-20 yrs,49,41990,19.010027,0,116.69445
1977,38,all,18-20 yrs,64,42580,19.018623,0,150.30531
1978,38,all,18-20 yrs,47,42637,19.031382,0,110.23289
1979,38,all,18-20 yrs,55,42512,19.036154,0,129.37523
1980,38,all,18-20 yrs,73,42208,19.03677,0,172.95299
1981,38,all,18-20 yrs,58,40897,19.049637,0,141.81969
1982,38,all,18-20 yrs,36,39504,19.045818,0,91.130013
1983,38,all,18-20 yrs,32,38237,19.052723,0,83.688576
1970,39,all,18-20 yrs,710,557960,18.956127,1,127.24927
1971,39,all,18-20 yrs,681,582988,18.964848,1,116.81201
1972,39,all,18-20 yrs,650,599641,18.977247,1,108.39819
1973,39,all,18-20 yrs,730,612488,18.981264,1,119.18601
1974,39,all,18-20 yrs,730,622401,18.989843,1,117.28773
1975,39,all,18-20 yrs,719,634722,18.983944,1,113.27794
1976,39,all,18-20 yrs,710,640222,18.984041,1,110.89903
1977,39,all,18-20 yrs,733,643413,19.003664,1,113.92371
1978,39,all,18-20 yrs,706,633762,19.011124,1,111.39828
1979,39,all,18-20 yrs,767,625798,19.000412,1,122.56351
1980,39,all,18-20 yrs,650,610712,19.005293,1,106.43314
1981,39,all,18-20 yrs,580,600759,19.016323,1,96.54454
1982,39,all,18-20 yrs,532,585578,19.01342,.87984622,90.85041
1983,39,all,18-20 yrs,510,567401,19.020847,.68086416,89.883522
1970,40,all,18-20 yrs,184,138265,18.98032,0,133.07779
1971,40,all,18-20 yrs,206,144759,18.977825,0,142.30548
1972,40,all,18-20 yrs,184,149462,18.975252,0,123.10822
1973,40,all,18-20 yrs,221,155178,18.987537,0,142.4171
1974,40,all,18-20 yrs,225,159571,18.999136,0,141.00307
1975,40,all,18-20 yrs,199,162971,18.993631,0,122.10761
1976,40,all,18-20 yrs,217,167640,19.000196,.084931508,129.44405
1977,40,all,18-20 yrs,251,169510,19.011108,1,148.07385
1978,40,all,18-20 yrs,241,170667,19.007423,1,141.21066
1979,40,all,18-20 yrs,249,174241,19.004631,1,142.90552
1980,40,all,18-20 yrs,267,177432,19.016378,1,150.48018
1981,40,all,18-20 yrs,252,177369,19.031273,1,142.07669
1982,40,all,18-20 yrs,302,178308,19.033745,1,169.36986
1983,40,all,18-20 yrs,223,174707,19.044777,.72328764,127.64228
1970,41,all,18-20 yrs,147,109616,18.950045,0,134.10451
1971,41,all,18-20 yrs,186,117825,18.94524,0,157.86124
1972,41,all,18-20 yrs,180,123862,18.968529,0,145.32301
1973,41,all,18-20 yrs,171,126211,18.997774,0,135.4874
1974,41,all,18-20 yrs,197,127011,19.005354,0,155.10468
1975,41,all,18-20 yrs,174,128077,18.989296,0,135.85577
1976,41,all,18-20 yrs,188,129657,18.995497,0,144.99796
1977,41,all,18-20 yrs,201,131842,19.010315,0,152.45522
1978,41,all,18-20 yrs,209,133067,19.003525,0,157.06374
1979,41,all,18-20 yrs,162,136425,18.989708,0,118.74657
1980,41,all,18-20 yrs,187,138497,19.004541,0,135.02098
1981,41,all,18-20 yrs,155,136778,19.016275,0,113.32232
1982,41,all,18-20 yrs,135,131297,19.02243,0,102.82032
1983,41,all,18-20 yrs,141,124219,19.0308,0,113.50921
1970,42,all,18-20 yrs,678,587880,18.948133,0,115.32966
1971,42,all,18-20 yrs,667,616309,18.966282,0,108.22493
1972,42,all,18-20 yrs,682,632209,18.98011,0,107.87572
1973,42,all,18-20 yrs,726,638858,18.983999,0,113.64027
1974,42,all,18-20 yrs,732,647831,18.989845,0,112.99243
1975,42,all,18-20 yrs,702,663306,18.980967,0,105.8335
1976,42,all,18-20 yrs,691,674158,18.98465,0,102.49823
1977,42,all,18-20 yrs,704,680289,19.002522,0,103.48543
1978,42,all,18-20 yrs,676,671428,19.010569,0,100.68094
1979,42,all,18-20 yrs,691,667852,19.003633,0,103.46603
1980,42,all,18-20 yrs,697,661201,19.009388,0,105.41424
1981,42,all,18-20 yrs,631,651001,19.024517,0,96.927658
1982,42,all,18-20 yrs,580,638780,19.014887,0,90.79808
1983,42,all,18-20 yrs,529,626230,19.017899,0,84.473755
1970,44,all,18-20 yrs,49,56025,19.041677,0,87.460953
1971,44,all,18-20 yrs,63,56136,19.039316,0,112.22745
1972,44,all,18-20 yrs,54,57433,19.020197,.83835614,94.022598
1973,44,all,18-20 yrs,57,59199,19.003311,1,96.285408
1974,44,all,18-20 yrs,48,55519,19.000811,1,86.456886
1975,44,all,18-20 yrs,48,56090,19,1,85.576752
1976,44,all,18-20 yrs,51,57791,18.998962,1,88.249039
1977,44,all,18-20 yrs,52,58968,19.014856,1,88.183418
1978,44,all,18-20 yrs,46,59017,19.020943,1,77.943642
1979,44,all,18-20 yrs,47,59632,19.009809,1,78.816742
1980,44,all,18-20 yrs,54,58568,19.023237,.8428297,92.200516
1981,44,all,18-20 yrs,30,57171,19.067604,.53240573,52.474155
1982,44,all,18-20 yrs,50,54808,19.042385,.35651729,91.227554
1983,44,all,18-20 yrs,35,53869,19.018564,.33735543,64.972435
1970,45,all,18-20 yrs,250,168116,18.990252,1,148.70685
1971,45,all,18-20 yrs,232,176266,19.022789,1,131.61926
1972,45,all,18-20 yrs,294,178111,19.006474,1,165.0656
1973,45,all,18-20 yrs,266,181692,18.996527,1,146.4016
1974,45,all,18-20 yrs,249,188690,19.002405,1,131.96248
1975,45,all,18-20 yrs,244,193929,18.998886,1,125.81924
1976,45,all,18-20 yrs,228,197044,19.004187,1,115.7102
1977,45,all,18-20 yrs,280,198267,19.015898,1,141.22371
1978,45,all,18-20 yrs,240,198619,19.009077,1,120.83436
1979,45,all,18-20 yrs,238,199538,19.00679,1,119.27553
1980,45,all,18-20 yrs,245,201485,19.014002,1,121.59714
1981,45,all,18-20 yrs,199,202875,19.03302,1,98.089958
1982,45,all,18-20 yrs,197,198633,19.030508,1,99.177879
1983,45,all,18-20 yrs,217,193757,19.03684,1,111.99596
1970,46,all,18-20 yrs,61,38374,18.941628,.63344973,158.96179
1971,46,all,18-20 yrs,63,40066,18.963634,.65122551,157.24055
1972,46,all,18-20 yrs,66,41367,18.976768,.82924885,159.54747
1973,46,all,18-20 yrs,67,41839,18.977032,1,160.13766
1974,46,all,18-20 yrs,61,42495,18.983105,1,143.5463
1975,46,all,18-20 yrs,72,42990,18.984997,1,167.4808
1976,46,all,18-20 yrs,59,43531,18.995062,1,135.5356
1977,46,all,18-20 yrs,61,43379,19.004772,1,140.62103
1978,46,all,18-20 yrs,52,43310,18.999422,1,120.06465
1979,46,all,18-20 yrs,55,43115,18.998423,1,127.56581
1980,46,all,18-20 yrs,56,43036,19.017149,1,130.12361
1981,46,all,18-20 yrs,44,41792,19.029192,1,105.28331
1982,46,all,18-20 yrs,43,40146,19.023613,1,107.10905
1983,46,all,18-20 yrs,36,38426,19.042784,1,93.686569
1970,47,all,18-20 yrs,349,220094,18.971285,0,158.56862
1971,47,all,18-20 yrs,364,223043,19.004089,.67123288,163.19724
1972,47,all,18-20 yrs,390,226853,18.991457,1,171.9175
1973,47,all,18-20 yrs,385,231267,18.976654,1,166.47424
1974,47,all,18-20 yrs,362,240762,18.992142,1,150.35596
1975,47,all,18-20 yrs,403,247701,18.990391,1,162.69615
1976,47,all,18-20 yrs,369,253120,18.996065,1,145.78065
1977,47,all,18-20 yrs,372,257999,19.003918,1,144.1866
1978,47,all,18-20 yrs,424,260801,18.996824,1,162.57607
1979,47,all,18-20 yrs,412,264021,18.997663,.80665362,156.04819
1980,47,all,18-20 yrs,371,265527,19.008146,.67577308,139.72214
1981,47,all,18-20 yrs,316,262104,19.027477,.68333179,120.56283
1982,47,all,18-20 yrs,326,256461,19.018705,.67690212,127.11485
1983,47,all,18-20 yrs,336,250535,19.018927,.68103856,134.11299
1970,48,all,18-20 yrs,993,627744,18.987576,0,158.1855
1971,48,all,18-20 yrs,998,666222,18.987349,0,149.79991
1972,48,all,18-20 yrs,964,695893,18.989508,0,138.52704
1973,48,all,18-20 yrs,1092,724506,19.000397,.41917807,150.72339
1974,48,all,18-20 yrs,1077,744516,19.005642,1,144.65773
1975,48,all,18-20 yrs,1137,768811,18.999222,1,147.8907
1976,48,all,18-20 yrs,1133,794105,19.004635,1,142.67635
1977,48,all,18-20 yrs,1163,809557,19.016964,1,143.65881
1978,48,all,18-20 yrs,1204,820410,19.014984,1,146.75589
1979,48,all,18-20 yrs,1282,839840,19.009924,1,152.64812
1980,48,all,18-20 yrs,1400,854834,19.018469,1,163.77449
1981,48,all,18-20 yrs,1366,856536,19.030355,.89436615,159.47958
1982,48,all,18-20 yrs,1334,859876,19.026495,.68255192,155.13864
1983,48,all,18-20 yrs,1115,854326,19.032955,.68700826,130.51224
1970,49,all,18-20 yrs,103,65106,18.936718,0,158.20355
1971,49,all,18-20 yrs,80,72923,18.95306,0,109.70476
1972,49,all,18-20 yrs,104,78669,18.978022,0,132.19946
1973,49,all,18-20 yrs,115,81715,18.996941,0,140.73303
1974,49,all,18-20 yrs,78,83238,18.998787,0,93.707199
1975,49,all,18-20 yrs,91,85270,18.981869,0,106.71983
1976,49,all,18-20 yrs,84,87241,18.985168,0,96.285004
1977,49,all,18-20 yrs,115,88750,18.998682,0,129.57747
1978,49,all,18-20 yrs,97,89057,18.994093,0,108.91901
1979,49,all,18-20 yrs,102,90698,18.976086,0,112.46114
1980,49,all,18-20 yrs,95,89151,18.997633,0,106.56078
1981,49,all,18-20 yrs,100,88040,19.046478,0,113.58473
1982,49,all,18-20 yrs,84,84528,19.048943,0,99.375359
1983,49,all,18-20 yrs,80,80160,19.032511,0,99.8004
1970,50,all,18-20 yrs,37,27034,18.945292,0,136.86469
1971,50,all,18-20 yrs,39,27113,18.934717,.16712329,143.84244
1972,50,all,18-20 yrs,36,28218,18.928911,1,127.57814
1973,50,all,18-20 yrs,48,29167,18.951281,1,164.56955
1974,50,all,18-20 yrs,35,29732,18.956881,1,117.71828
1975,50,all,18-20 yrs,47,30416,18.94516,1,154.52394
1976,50,all,18-20 yrs,32,31157,18.943512,1,102.70565
1977,50,all,18-20 yrs,35,31861,18.955118,1,109.85217
1978,50,all,18-20 yrs,42,32194,18.955334,1,130.45909
1979,50,all,18-20 yrs,47,33069,18.937403,1,142.12708
1980,50,all,18-20 yrs,39,32920,19.007624,1,118.46902
1981,50,all,18-20 yrs,28,31914,19.065113,1,87.735786
1982,50,all,18-20 yrs,39,30190,19.042364,1,129.18185
1983,50,all,18-20 yrs,39,29065,19.019094,1,134.18201
1970,51,all,18-20 yrs,346,269122,19.023071,0,128.56622
1971,51,all,18-20 yrs,355,280923,19.015997,0,126.36915
1972,51,all,18-20 yrs,324,289572,19.009556,0,111.88927
1973,51,all,18-20 yrs,382,301213,19.011395,0,126.82056
1974,51,all,18-20 yrs,371,308897,19.012852,.50410956,120.10476
1975,51,all,18-20 yrs,397,317825,19.009434,1,124.91151
1976,51,all,18-20 yrs,334,323826,19.014242,1,103.14181
1977,51,all,18-20 yrs,402,326903,19.026461,1,122.97226
1978,51,all,18-20 yrs,366,327276,19.032755,1,111.83221
1979,51,all,18-20 yrs,305,323703,19.030252,1,94.222176
1980,51,all,18-20 yrs,340,321561,19.023342,1,105.73421
1981,51,all,18-20 yrs,313,325816,19.026224,1,96.06649
1982,51,all,18-20 yrs,294,322585,19.025305,1,91.138771
1983,51,all,18-20 yrs,312,321625,19.042446,.84580243,97.007385
1970,53,all,18-20 yrs,264,192022,18.997599,0,137.48425
1971,53,all,18-20 yrs,258,197176,18.988411,0,130.84756
1972,53,all,18-20 yrs,250,195267,18.988028,0,128.02983
1973,53,all,18-20 yrs,264,199366,19.004112,0,132.41977
1974,53,all,18-20 yrs,267,204071,19.005768,0,130.83682
1975,53,all,18-20 yrs,276,210001,18.999014,0,131.42795
1976,53,all,18-20 yrs,261,214956,19.006498,0,121.4202
1977,53,all,18-20 yrs,281,218056,19.022829,0,128.86598
1978,53,all,18-20 yrs,295,221256,19.023823,0,133.32971
1979,53,all,18-20 yrs,301,226924,19.015009,0,132.64352
1980,53,all,18-20 yrs,289,233159,19.021093,0,123.94975
1981,53,all,18-20 yrs,268,232085,19.025526,0,115.47494
1982,53,all,18-20 yrs,252,225213,19.026077,0,111.89407
1983,53,all,18-20 yrs,225,216845,19.043962,0,103.76075
1970,54,all,18-20 yrs,164,95003,18.942001,1,172.62613
1971,54,all,18-20 yrs,148,96291,18.976871,1,153.70076
1972,54,all,18-20 yrs,134,97156,18.981865,1,137.92252
1973,54,all,18-20 yrs,127,96733,18.969131,1,131.28922
1974,54,all,18-20 yrs,135,97945,18.98247,1,137.83246
1975,54,all,18-20 yrs,138,100874,18.977348,1,136.80434
1976,54,all,18-20 yrs,158,104181,18.980141,1,151.65913
1977,54,all,18-20 yrs,159,106501,18.999605,1,149.29437
1978,54,all,18-20 yrs,152,105539,19.006813,1,144.02258
1979,54,all,18-20 yrs,137,104922,19.006062,1,130.57318
1980,54,all,18-20 yrs,175,105497,19.009214,1,165.8815
1981,54,all,18-20 yrs,128,103735,19.018894,1,123.39133
1982,54,all,18-20 yrs,114,101599,19.003347,1,112.20583
1983,54,all,18-20 yrs,121,99930,19.000961,.95808911,121.08476
1970,55,all,18-20 yrs,318,241189,18.942635,1,131.8468
1971,55,all,18-20 yrs,300,251094,18.976236,1,119.47717
1972,55,all,18-20 yrs,346,257687,18.98761,1,134.27142
1973,55,all,18-20 yrs,380,260425,18.982836,1,145.91533
1974,55,all,18-20 yrs,364,264991,18.991539,1,137.36316
1975,55,all,18-20 yrs,308,271317,18.985315,1,113.52035
1976,55,all,18-20 yrs,349,275660,18.98382,1,126.60524
1977,55,all,18-20 yrs,353,281035,18.995544,1,125.60713
1978,55,all,18-20 yrs,340,282414,18.998606,1,120.39063
1979,55,all,18-20 yrs,366,286956,18.991856,1,127.54568
1980,55,all,18-20 yrs,372,287202,19.006891,1,129.52556
1981,55,all,18-20 yrs,294,283203,19.026129,1,103.81246
1982,55,all,18-20 yrs,280,274185,19.020872,1,102.12083
1983,55,all,18-20 yrs,270,264489,19.025469,1,102.08364
1970,56,all,18-20 yrs,45,17317,18.935497,0,259.86026
1971,56,all,18-20 yrs,35,18971,18.943176,0,184.49213
1972,56,all,18-20 yrs,50,20507,18.968645,0,243.81918
1973,56,all,18-20 yrs,58,21361,18.993914,.4482218,271.52286
1974,56,all,18-20 yrs,69,22112,19.005878,.67004341,312.04776
1975,56,all,18-20 yrs,62,23219,18.999527,.66811663,267.02271
1976,56,all,18-20 yrs,72,24202,19.014709,.67920005,297.49606
1977,56,all,18-20 yrs,47,25156,19.026793,.68210369,186.83415
1978,56,all,18-20 yrs,61,26000,19.022846,.68146151,234.61539
1979,56,all,18-20 yrs,48,27195,19.026218,.68413311,176.50304
1980,56,all,18-20 yrs,67,27908,19.037981,.69084132,240.07452
1981,56,all,18-20 yrs,63,27070,19.042223,.68925011,232.72997
1982,56,all,18-20 yrs,45,26145,19.026123,.68185121,172.11703
1983,56,all,18-20 yrs,39,24626,19.027044,.6849671,158.3692
